Zip Code ,Zip Square Footage,Total population,Total population - Male,EstimatTotal population - Female,Population density,Population 16 years and over,Total population - White alone,Total population - Black or African American alone,Total population - Asian alone,Total population - Hispanic or Latino (of any race),Under 5 years,5 to 9 years,10 to 14 years,15 to 19 years,20 to 24 years,25 to 34 years,35 to 44 years,45 to 54 years,55 to 59 years,60 to 64 years,65 to 74 years,75 to 84 years,85 years and over,Total households,Mean household income (dollars),Median earnings for workers (dollars),Residential Units,Total units,Non-residential units,AverageAge
10001,17889681,21966,10732,11234,1.23,19970,11912,2224,3844,3345,718,684,513,1321,2854,5053,3470,425,1552,975,1150,880,317,11024,157557,54588,34545,40624,6079,37
10002,26402225,82191,39802,42389,3.11,71026,16952,5191,36466,21217,3100,3497,3890,3901,5332,14811,12366,723,5040,5294,6810,5355,2281,32467,60347,28835,33496,37855,4359,41
10003,15737848,57310,27442,29868,3.64,54123,41583,2175,7634,4173,1585,717,795,6409,6279,16320,7902,591,2837,2763,3314,1758,730,27505,146769,60215,2818,3526,708,36
10004,7623555,2807,1469,1338,0.37,2430,2016,84,386,271,118,105,73,119,305,826,495,153,94,205,82,16,0,1430,206142,95588,4939,5468,529,34
10005,2046399,6822,3463,3359,3.33,6388,4839,102,1428,339,244,107,79,38,951,3669,1153,153,86,53,23,0,0,3725,178458,80236,2223,2683,460,30
10006,1995872,2507,1137,1370,1.26,2345,1644,99,474,180,74,41,25,22,343,1250,449,99,28,60,39,0,0,1598,149520,92058,3639,5213,1574,31
10007,6709930,6525,3661,2864,0.97,5481,4341,358,1027,517,463,371,158,246,281,2006,1505,211,184,332,100,82,0,2595,385882,107500,29666,30950,1284,32
10009,15842769,62810,28842,33968,3.96,56797,31308,4048,9494,15861,1913,1767,1856,2310,7231,15178,8197,763,3602,3909,4792,2447,1119,29565,85508,48221,17821,21736,3915,39
10010,9460033,30670,14327,16343,3.24,28325,20089,1585,4574,3157,925,1009,371,1236,3698,7983,5077,483,1894,1526,2247,1003,677,16004,145088,70507,34730,38445,3715,38
10011,18604119,52167,26039,26128,2.8,47678,37236,1754,4998,5912,2022,1478,911,1483,3084,13079,9566,751,3379,2957,3740,1963,930,29457,191483,76879,15288,18535,3247,40
10012,8879492,26145,13691,12454,2.94,23982,18749,589,4339,1436,789,629,717,767,2664,8013,3356,447,1222,1732,1867,1011,436,13128,136376,58709,14615,20790,6175,38
10013,16181176,26065,12862,13203,1.61,22465,13617,906,8841,1599,1394,1054,984,1037,2845,5221,3743,383,1536,2182,1886,812,668,11048,207336,60354,22683,24716,2033,38
10014,14286997,30597,15172,15425,2.14,28271,25398,566,1894,1955,771,802,688,560,1641,9329,5570,486,1592,1657,2550,1168,359,18383,170750,84507,36532,42992,6460,40
10016,15215569,51196,23097,28099,3.36,46886,35520,1657,7960,4695,2239,1110,856,1159,5958,16879,6906,628,2109,2440,3473,1723,878,27892,155107,73744,12961,19379,6418,37
10017,9730876,16129,7469,8660,1.66,15115,11342,375,2961,1165,475,337,161,113,1667,4784,2472,315,789,893,1448,749,250,9908,157023,74452,5371,13414,8043,40
10018,10603436,7021,3650,3371,0.66,6490,3228,404,1792,1493,298,93,88,176,904,2752,1295,173,313,229,206,50,0,3537,139891,65039,32417,37653,5236,33
10019,19472232,38394,18818,19576,1.97,35866,24146,1774,5121,6604,1282,501,634,502,2538,11077,6574,728,2733,2098,2667,1889,670,23420,135288,67480,0,376,376,41
10020,797584,0,0,0,0,0,0,0,0,0,0,0,0,0,0,0,0,12,0,0,0,0,0,0,0,0,27756,29526,1770,50
10021,11995349,40862,17521,23341,3.41,35751,34364,697,3031,2207,2231,1501,1262,586,1342,9076,5776,587,1779,3577,4941,2946,1330,23175,208019,75711,27360,32844,5484,44
10022,13169613,29618,13007,16611,2.25,27327,23473,585,2902,2250,1230,563,395,598,1827,5904,4085,612,1748,2143,3611,2481,1130,17647,214340,86481,40990,42596,1606,46
10023,31704304,61315,28947,32368,1.93,53187,46432,1856,6078,5684,4097,2104,1513,1973,2488,11815,10083,888,3783,3983,5612,4089,1954,32793,183329,76921,36679,38305,1626,42
10024,37741371,59164,27166,31998,1.57,49962,44241,3070,3561,6309,3435,2924,2255,1729,1969,10876,9397,807,3922,3721,6380,2785,1251,29083,194424,70883,46963,48747,1784,41
10025,29188873,97390,43572,53818,3.34,85075,55116,9532,8934,21224,4817,3407,3544,4325,8128,19717,12865,1057,6414,5910,7568,4531,2712,43421,119878,50252,15929,16484,555,39
10026,11100503,37871,17885,19986,3.41,30509,7144,21361,1456,7144,2681,1913,2246,2144,3600,7259,5565,485,2390,1488,1748,920,434,14324,69653,37700,28178,30010,1832,33
10027,25036604,62617,28142,34475,2.5,52955,14993,24954,5651,14696,3532,2651,2888,6499,7287,12521,8186,518,3341,2629,3155,1679,903,22862,67382,31558,25080,26331,1251,33
10028,10228236,44295,19674,24621,4.33,38419,37445,633,2830,2324,2241,1650,1643,1017,2381,9907,6289,667,2898,2492,4210,2600,1079,24232,193882,77275,34551,36048,1497,41
10029,22958431,77454,36560,40894,3.37,62713,12163,19558,6821,37032,4261,3972,5465,5857,6732,14351,9586,663,4150,4234,4555,3286,1290,28738,61307,29563,13611,14119,508,35
10030,7592092,28472,13569,14903,3.75,23130,2540,17738,983,6401,1823,1557,1691,1629,2393,5634,4044,496,1672,1275,1638,728,326,11590,53814,27746,22232,23175,943,34
10031,16844117,59092,28360,30732,3.51,49338,8437,15513,1066,32594,3299,2821,3043,3480,6153,12653,8372,717,2904,2500,3728,1739,833,20782,57606,25957,21603,22505,902,34
10032,22947472,59374,29080,30294,2.59,50117,6510,9208,1693,40513,3189,2834,2497,3747,5887,12051,8270,672,3516,3377,3819,1648,1344,19548,49378,22091,20120,21301,1181,36
10033,16328292,58710,29934,28776,3.6,49864,12627,2659,1581,40710,3375,2251,2786,3537,5954,10296,8790,684,3878,2583,3742,2558,796,19254,62147,23111,15664,16362,698,36
10034,24125820,41510,21088,20422,1.72,34225,7156,2109,706,30733,2573,2064,2337,2373,2915,7376,6717,621,2878,2218,2527,1123,559,14967,57323,22364,16144,17184,1040,35
10035,15432164,33488,16147,17341,2.17,27157,3501,11802,1309,16144,2196,1742,2027,2212,3120,5787,4417,414,1917,1426,2235,1257,658,12391,46385,27495,17222,24323,7101,35
10036,11387771,23132,13452,9680,2.03,22004,13331,1696,3682,3677,534,325,102,561,2477,6471,3917,509,1709,1289,1471,612,289,14066,106275,56911,10012,10297,285,39
10037,7243453,17377,7015,10362,2.4,14490,936,12036,564,3355,937,735,1095,1086,1309,3021,1907,382,1267,751,1393,856,653,8455,49722,34644,11863,13889,2026,39
10038,7623374,20082,9312,10770,2.63,17907,8595,1299,6568,3103,905,570,564,1310,2479,5389,2462,345,777,1006,1124,952,565,9047,121450,52426,11412,11722,310,37
10039,8381587,26577,12415,14162,3.17,20847,1519,16353,351,7730,1876,1751,1690,1861,2658,4191,3761,539,1328,690,1600,951,474,10456,46310,26984,16044,16674,630,33
10040,16357687,44825,20300,24525,2.74,37509,8895,2384,1169,31860,2544,1928,2281,2609,4007,7849,5656,664,2370,2581,3702,1846,1167,15580,60419,24769,10990,11090,100,38
10044,6432471,12346,5966,6380,1.92,10897,5473,2107,2372,1858,752,260,380,494,1111,2177,1831,391,834,652,1168,621,420,4519,109332,49518,,,,41
10065,9853398,32797,14184,18613,3.33,29203,26700,885,2819,1707,1868,1048,568,501,1814,7869,5660,511,1589,1580,3798,1949,820,17867,214581,81352,,,,42
10075,4198244,24849,10280,14569,5.92,21896,20582,341,1448,1928,1146,756,960,388,849,5438,3930,574,1679,2088,2972,1279,720,13735,189081,75425,,,,43
10128,10947994,60121,25724,34397,5.49,51897,44424,2257,5800,6435,3072,2456,2235,1781,3302,13758,9174,724,3411,3360,5059,3337,1214,31345,167623,68761,,,,39
10280,4016851,8685,4233,4452,2.16,7112,5308,75,2002,1044,793,494,286,97,325,1454,2151,542,485,512,503,158,0,4190,167317,86992,,,,36
10301,109045427,38885,19500,19385,0.36,30963,16636,8669,2056,10530,2937,2274,2286,3263,3472,5322,5180,472,2284,2042,2254,1470,584,14101,75422,37555,,,,34
10302,30999266,16811,8145,8666,0.54,12862,5608,3246,967,6515,1358,1305,1059,1079,1178,2566,2323,284,945,935,806,611,384,5669,70132,36424,,,,34
10303,79992206,24537,11419,13118,0.31,18625,4491,8263,1746,9506,1855,1733,1953,1963,2190,3723,3337,373,1326,1037,1054,555,176,8086,65878,38318,,,,31
10304,109629959,43084,20075,23009,0.39,33905,14548,12035,4485,11002,2753,3130,2839,3176,3731,6024,5001,497,2480,2208,3007,1757,804,14807,77659,33976,,,,35
10305,106428327,42006,20242,21764,0.39,34182,28750,1372,5113,6099,2495,2433,2379,2279,2793,5784,5787,551,2909,2514,3304,1916,972,14867,83935,42647,,,,38
10306,187925648,55902,26875,29027,0.3,45662,43201,1555,2966,7781,3037,3048,3540,3546,3392,6957,7147,570,3537,3399,4927,2892,1351,20526,93591,48564,,,,39
10307,45985809,14829,7315,7514,0.32,11311,12831,91,486,1290,946,1036,1288,1120,1030,1597,2264,383,703,627,1139,344,119,4828,109555,50315,,,,33
10308,62261384,28939,13864,15075,0.46,23979,25082,46,899,2803,1316,1659,1654,1828,1849,3324,3896,585,2215,1764,2575,1303,530,10420,105080,46557,,,,39
10309,203574752,32646,16473,16173,0.16,25627,27175,526,1224,3510,1701,2655,2151,2023,1978,4260,5438,585,2304,1887,2147,685,320,10756,105948,52310,,,,35
10310,50010116,25227,12487,12740,0.5,19150,10631,6032,1361,6891,1546,1818,2288,2402,1695,3127,3622,444,1351,1211,1264,621,375,8438,82052,41136,,,,32
10312,178968530,60081,30010,30071,0.34,48821,50953,316,3077,5286,2879,3463,3968,3751,3841,6999,8457,670,4529,5072,5414,2356,685,21243,101227,48869,,,,38
10314,454979821,87276,41432,45844,0.19,70655,59706,3419,12099,10811,5286,4892,5478,5208,5082,10450,11988,662,6785,6020,6966,4191,2254,30868,91434,44996,,,,39
10451,29476616,47069,21045,26024,1.6,35462,868,16773,887,27514,3903,3942,3110,3665,4346,6752,5850,549,1683,2396,2857,1703,513,17529,36560,21119,26457,27674,1217,32
10452,27987808,74931,35135,39796,2.68,55224,849,21114,1118,50818,6414,6252,5974,6250,6120,11777,10527,627,3852,3335,3416,1504,306,24701,36082,19776,38996,39944,948,30
10453,25707989,79793,37659,42134,3.1,59968,1026,22462,1079,54112,6367,5904,6297,7083,7264,11924,10645,619,4241,3349,3577,1192,519,25624,35381,17542,14619,15640,1021,30
10454,30733387,38089,18151,19938,1.24,27655,784,9095,368,27528,3389,3143,3273,3486,3446,5272,5223,536,1780,1222,1823,1264,296,12467,31814,17875,15942,17183,1241,30
10455,24734587,38576,17958,20618,1.56,27854,794,8948,95,28472,3578,3378,3014,2906,3395,6591,4823,465,1673,1323,2116,960,332,13228,32350,20609,24710,25532,822,30
10456,29634851,87723,41312,46411,2.96,65423,1244,32971,812,51646,7107,7072,6538,7778,7600,13367,11696,812,4530,3129,4847,1987,825,28349,34753,20003,31763,32788,1025,31
10457,37043300,70282,32833,37449,1.9,51587,1188,20619,1003,46419,6690,5626,5293,6783,6564,10228,8550,700,3293,2255,3066,1704,480,22570,36595,19843,22062,23149,1087,29
10458,39842566,74859,35375,39484,1.88,56747,9026,13936,2589,48114,6218,5381,5435,6774,8084,11715,10635,688,3573,2913,3454,1475,411,25329,39384,20156,17580,18715,1135,30
10459,22597685,47977,22748,25229,2.12,34054,673,12492,257,33784,4315,3853,4884,4471,3848,6914,6265,504,2208,2035,2086,1268,300,15402,35421,21528,19435,20323,888,29
10460,42409228,56084,26378,29706,1.32,41056,1353,13215,1142,39521,4716,4336,4860,5410,4451,8438,6593,589,2605,2263,2824,1425,421,19128,34517,21628,16457,17800,1343,30
10461,62437413,51730,25227,26503,0.83,42340,21574,3453,5384,20205,3204,2398,3086,2993,3473,8200,7198,672,2989,2285,3842,2944,1424,19330,67093,37902,30591,32001,1410,38
10462,42470517,77369,36156,41213,1.82,60613,10269,19733,9310,36251,5830,5155,5017,4614,5212,12328,11582,801,4680,3749,5039,2618,1046,28908,55062,33680,25035,25979,944,34
10463,36441540,70420,32184,38236,1.93,56764,23019,8327,2570,34818,5062,3812,3919,3871,4520,10651,9531,610,4350,3786,5666,3968,2257,27261,76188,35853,433,442,9,38
10464,74876734,4248,1816,2432,0.06,3670,3176,52,31,937,70,207,281,181,319,307,415,273,464,262,486,254,125,2062,79490,52865,,,,44
10465,106426131,44862,21577,23285,0.42,36654,22904,3209,1456,16289,2155,2758,2821,3254,3471,5466,5418,539,2747,2560,3511,3034,1282,15572,80849,42960,19649,20587,938,39
10466,54789675,70609,31429,39180,1.29,54775,2136,51337,1326,14646,4928,4442,5253,5888,5669,8331,9674,719,4356,3697,5151,1988,919,22595,56384,30728,49709,51403,1694,34
10467,69332411,98754,46656,52098,1.42,74893,9077,34948,6006,46175,8397,7010,7289,7126,7502,15941,13934,725,4959,4015,5363,3155,1300,34796,47694,28843,25457,27254,1797,32
10468,34730150,71822,33969,37853,2.07,55071,3093,15155,2647,50364,5205,5531,4859,5668,6817,11397,9738,777,3559,3134,3228,2023,938,23680,43327,21610,29884,30660,776,32
10469,68018167,71843,32606,39237,1.06,56886,10299,38260,2773,18595,4263,4477,5086,5690,5699,9180,9160,745,4157,3707,4880,3301,1844,21832,69599,35592,3912,4204,292,36
10470,22023202,14850,7403,7447,0.67,12049,6383,4675,560,2876,1077,628,822,892,1052,2707,1963,284,917,867,838,777,415,5801,69447,39162,1346,1388,42,37
10471,90123897,22030,10432,11598,0.24,19015,13978,1514,1661,4455,1031,887,900,1779,1893,2300,2636,328,1489,1429,2001,1535,1195,8980,103040,50607,33983,34857,874,42
10472,31276377,68898,33278,35620,2.2,51191,1325,16499,3962,44509,6390,5013,5392,4969,5803,11530,8219,641,3705,3105,3671,1777,1021,21006,43093,22541,3009,3056,47,31
10473,59037187,58660,25617,33043,0.99,46147,849,19678,1125,36054,3676,3675,4203,4453,5149,7516,7273,606,3876,2883,4764,2256,895,20355,52054,30346,3741,4433,692,35
10474,36129268,12519,6209,6310,0.35,9165,159,3074,27,9187,890,1066,1075,966,1191,2365,1663,255,428,390,658,130,86,3656,33007,20572,12497,12733,236,29
10475,38416790,43231,19528,23703,1.13,37166,3909,24424,484,13819,1623,2123,2157,2272,2980,4379,5133,898,3593,2705,4538,2907,1196,17992,58630,37500,14511,26513,12002,43
11001,7381221,27001,12998,14003,3.66,21805,17941,1797,3744,2608,1461,1687,1692,1645,1548,3012,3861,385,2122,1798,1978,1178,632,9025,119168,45429,,,,38
11004,23904879,14500,6728,7772,0.61,11995,5818,788,5736,1429,875,790,803,686,919,1994,1704,332,1156,837,1061,795,624,5138,94946,50276,,,,40
11005,7542283,2055,744,1311,0.27,2055,1967,15,0,73,0,0,0,0,0,9,0,71,69,75,332,761,715,1566,100544,35956,,,,79
11101,81094448,25537,12661,12876,0.31,21169,7422,3791,4573,9243,1471,1369,1358,1340,2357,5285,4276,393,1070,1095,1222,756,295,11075,67121,35877,11252,11910,658,34
11102,19082439,34529,17565,16964,1.81,29521,14668,3027,5419,10543,1886,1416,1378,1771,3137,9816,5244,440,1638,1022,1802,967,336,13873,67035,31941,15245,16477,1232,34
11103,20176773,37745,19142,18603,1.87,33121,22344,722,4814,9156,1724,1223,1413,1224,3020,10334,5951,400,1824,1542,2520,1530,619,16283,69034,36028,12705,13307,602,37
11104,11743317,25729,12012,13717,2.19,22386,10731,166,7359,6875,1458,977,735,870,1651,5947,4629,490,1423,1430,1892,847,239,11502,69522,33537,12606,13850,1244,37
11105,48838937,36190,18099,18091,0.74,31598,23513,607,3518,7758,1609,1309,1350,1457,2525,9632,5757,434,1839,1881,2253,1668,693,15729,74283,40616,17176,18200,1024,38
11106,23912246,36869,18293,18576,1.54,32397,16255,2702,6058,10745,1404,1397,1398,1705,2743,8693,6011,490,1801,1898,2654,1900,773,16704,65573,34308,3352,3387,35,38
11109,195434,3524,1936,1588,18.03,3248,2335,94,660,264,214,62,0,59,161,1917,655,91,99,54,70,60,14,2000,157687,80041,30329,33749,3420,32
11201,39688212,54668,26994,27674,1.38,46978,33559,6686,4871,7431,3692,2137,1544,2364,3352,13967,10093,500,2869,2404,3036,1889,1092,24389,151188,62654,9302,9750,448,36
11203,60514620,79572,35351,44221,1.31,64066,2447,69877,979,4899,5084,4576,4787,5347,5884,11173,9816,727,4940,4921,7056,3538,1347,26933,61959,32149,27424,29443,2019,37
11204,43850062,80963,40426,40537,1.85,61967,48372,346,21936,9132,6571,6173,5057,5564,5704,12807,9802,660,4687,4671,5300,3411,1755,25221,62859,26977,15618,16777,1159,35
11205,25184356,43002,20758,22244,1.71,32112,16727,12427,2399,10052,4256,3442,2722,2760,4698,8836,6848,334,1659,1409,1652,891,285,14656,73758,31329,30994,33308,2314,29
11206,40195846,81525,39562,41963,2.03,60188,22241,17259,3987,36925,7042,6807,6315,6077,7468,16130,9159,651,3504,3083,4325,2238,775,28314,43235,23031,28857,40970,12113,30
11207,76758395,92491,41316,51175,1.2,69192,1979,57539,1019,30559,7870,6708,7312,7879,8652,13136,11323,735,5139,3933,5214,2487,836,30879,45365,26311,24022,25566,1544,31
11208,76541653,93107,43320,49787,1.22,69038,3136,44284,4427,39666,7732,7461,7342,8089,8483,12932,13428,710,4604,3756,4221,2120,654,28779,45630,26929,29911,31826,1915,30
11209,58413304,72623,33867,38756,1.24,59552,49577,1150,9137,11039,4667,4281,3290,3785,3785,12004,10950,567,4581,4007,5363,3634,1718,30877,82258,45434,16928,17980,1052,38
11210,48015926,65302,30511,34791,1.36,50869,20400,36779,2242,4684,4298,4378,4722,5183,5274,8896,8412,601,3948,3857,3932,1724,934,21520,73990,33729,27581,30603,3022,34
11211,57383373,93271,46187,47084,1.63,71983,60552,2825,3313,24915,9332,5767,5244,4981,8160,24401,12331,721,3894,3208,3686,2504,1372,35527,70753,35848,32337,33974,1637,31
11212,42703484,84520,34878,49642,1.98,63883,982,69739,818,11906,7264,5709,6457,7147,6573,12445,10675,688,4339,3986,5291,2825,858,30167,39952,27309,26086,27522,1436,32
11213,29512989,62059,28108,33951,2.1,47433,11505,41313,967,7157,4970,4152,4595,4472,5267,9561,7600,669,3285,2884,3781,2334,767,23512,46913,30382,31760,33566,1806,33
11214,60723916,83156,40527,42629,1.37,69002,42481,661,28139,10939,4670,4149,4343,4357,5056,13539,10772,661,5209,5208,8134,4856,2290,30415,59810,30913,31981,34543,2562,40
11215,61830546,68891,33426,35465,1.11,57050,45680,2969,5091,12473,5091,3403,2839,2512,4299,16956,12320,564,3852,3276,3502,1819,728,28822,132302,54937,24676,26206,1530,34
11216,26245138,53783,25270,28513,2.05,45631,7496,37680,2189,4824,2675,2176,2733,3038,4512,11894,8265,524,3133,3124,3255,1713,649,22832,61139,35731,17869,19935,2066,36
11217,21629919,38787,18261,20526,1.79,32879,18918,7516,2516,8282,2395,1811,1374,1195,2245,10455,7456,431,1677,1646,2298,960,576,16726,117480,51492,26884,28446,1562,35
11218,37408912,74758,36514,38244,2,56840,38870,6570,12939,14439,6015,5394,5393,4901,5558,12791,10722,615,4015,3976,3647,2433,995,24869,70046,31172,27243,29709,2466,33
11219,41966552,96971,48925,48046,2.31,67315,57846,766,25537,12414,11797,8944,7390,6889,8193,14782,10542,736,4639,4344,3733,3234,2415,26609,50967,21262,27560,30121,2561,30
11220,47317211,103089,53376,49713,2.18,80260,15437,1777,43289,41186,8152,7501,6082,6121,7910,20133,15210,700,5411,4322,4793,3086,1115,30042,53080,19837,29052,30321,1269,32
11221,38713396,81321,37745,43576,2.1,63237,4837,39073,2403,34007,5931,5677,5367,5970,6800,15100,11223,737,4095,3644,4025,2109,740,27803,51952,28986,16816,19361,2545,32
11222,46382538,34186,16478,17708,0.74,31064,26058,578,1943,4754,1036,955,929,1005,2761,11467,5073,416,2128,1739,1496,1010,431,16395,79763,43780,28996,30999,2003,36
11223,59175128,74606,35957,38649,1.26,59975,44859,2794,17594,8064,4789,4525,4297,4281,4568,10997,9547,582,5166,4277,7414,4008,1889,27050,60488,30454,9386,10339,953,39
11224,42703084,42535,18866,23669,1,36217,22127,9901,3825,6211,1848,2040,1975,2719,2839,4029,4334,562,2944,3074,5285,4119,1671,18134,46350,30843,23518,24716,1198,45
11225,24321014,59182,26387,32795,2.43,46579,9636,41725,1254,5564,4348,3792,3754,3466,5040,10201,7840,507,4018,3181,3559,2056,732,22599,56892,31256,37425,39290,1865,34
11226,38970163,98325,44409,53916,2.52,78261,6105,71824,3231,14987,6580,6134,6160,6468,7866,17247,14041,835,5769,4603,6388,2383,1130,35551,54348,29320,8746,9292,546,34
11228,43058682,43929,21810,22119,1.02,36155,27646,460,11243,4232,2355,2255,2626,2685,2496,6497,6152,492,2688,2755,3988,2367,1168,15156,83920,39579,17441,18737,1296,39
11229,60018320,81030,38425,42605,1.35,66124,54104,3030,16473,6456,4583,4532,4828,4925,5369,9712,10373,696,5948,5464,6020,4519,2356,30892,67981,37337,30795,32425,1630,39
11230,49218503,84219,40774,43445,1.71,64912,57811,6382,10420,8118,6609,6107,5382,5699,6748,11874,10363,587,5133,5259,5376,3999,2029,29819,63309,28576,13791,14831,1040,35
11231,40299840,34137,16120,18017,0.85,27918,19809,3894,1892,7773,2309,2041,1502,1521,1674,7718,6581,510,2012,1661,1648,1085,422,14993,109631,51169,8998,10782,1784,35
11232,56394159,28824,16126,12698,0.51,23393,5919,1320,4124,16479,1630,1858,1693,1774,2781,6415,4640,480,1342,1038,1091,607,145,8824,57917,22556,27738,28886,1148,32
11233,37861347,68599,30379,38220,1.81,52340,2060,55365,880,9346,5341,4686,5383,4852,5015,10421,9793,796,3035,2834,4648,1870,831,26130,49669,31985,28769,31007,2238,32
11234,205320491,94259,44198,50061,0.46,74804,39456,41093,3847,8202,5992,6282,5943,6120,6989,11611,11569,829,6926,5738,6906,4028,1784,31989,84530,38925,,,,36
11235,68655525,74630,34695,39935,1.09,63028,55786,1873,9469,6517,3820,3860,3245,3300,4317,9852,9277,776,5254,5326,7002,5799,2603,31958,64292,37977,7870,8421,551,42
11236,96557506,97217,43496,53721,1.01,77917,4700,81497,2517,7048,5522,5871,6234,7803,7566,13171,13170,740,7097,5208,5841,3074,1191,31542,72060,36554,16468,18067,1599,35
11237,27420304,55478,28461,27017,2.02,43682,6643,3583,3706,41074,4516,3372,3157,4299,6852,12160,7802,514,2197,1567,2042,927,313,16721,53955,23110,26467,28164,1697,29
11238,29156651,51895,24285,27610,1.78,44147,19664,20733,3397,6038,3202,2254,1909,1749,4244,13069,8822,538,3016,2469,2984,1551,837,23003,88005,43754,,,,36
11239,42604564,12879,4756,8123,0.3,10671,3404,5889,496,2909,541,818,693,754,970,1352,1585,348,605,616,1402,1513,456,6377,36453,31506,,,,43
11354,9459233,56258,27046,29212,5.95,49020,10643,1740,32656,9520,2495,2329,1953,2462,3234,8469,8405,709,4106,3781,5159,2948,2015,19822,63705,29650,16701,18062,1361,42
11355,62271230,83221,39595,43626,1.34,70914,7216,1930,58566,12620,3647,4202,3581,4537,6211,12632,11320,872,5883,4597,6244,4320,1845,28245,57510,25292,249,252,3,39
11356,49389568,23037,11482,11555,0.47,18396,6572,481,6661,8891,1507,1435,1359,1471,1436,3472,3470,426,1618,1489,1362,933,382,7599,75087,32262,,,,36
11357,42845559,40872,19078,21794,0.95,33604,27077,93,7313,5569,2517,2197,2188,2092,2063,4572,5313,617,2484,2533,4144,3055,1402,15268,89578,44794,,,,42
11358,77537501,38317,18753,19564,0.49,32460,15335,388,16084,5558,1937,1662,1841,1996,2458,5555,5695,547,2894,2424,2895,2049,757,13395,83862,36650,,,,39
11359,54342938,0,0,0,0,0,0,0,0,0,0,0,0,0,0,0,0,12,0,0,0,0,0,0,0,0,,,,50
11360,7143687,19865,9559,10306,2.78,17017,12130,123,5036,2097,919,860,872,915,905,2076,2548,513,1478,1557,2087,1927,916,8737,95613,51337,,,,46
11361,39085512,30597,14510,16087,0.78,25135,13818,737,10266,4549,1806,1549,1815,1660,1682,4391,4571,544,2076,1521,2446,1258,922,10773,89065,41185,,,,38
11362,50321149,17865,8626,9239,0.36,15018,8350,569,7159,1684,1114,646,925,835,689,2173,2569,348,1314,1343,1825,879,694,7035,94915,45013,,,,42
11363,52921341,7354,3828,3526,0.14,5896,3762,32,2439,1057,343,432,523,520,497,692,842,220,680,439,608,316,172,2618,123731,44905,,,,39
11364,25449335,34751,16762,17989,1.37,28693,13730,449,16891,2646,1830,1600,2221,1827,1675,4555,4724,516,2633,2445,2943,1560,1109,13343,86027,43129,,,,40
11365,84296483,41924,19458,22466,0.5,33818,12679,2067,18853,7362,2755,2484,2500,1841,2422,5365,5523,687,2881,2488,3138,2097,1261,15385,71148,33298,,,,39
11366,69247878,13499,6591,6908,0.19,11152,5967,861,4988,1115,731,857,700,740,1289,1558,1369,266,1006,992,1323,637,259,4346,90718,39568,,,,39
11367,20110227,41022,19884,21138,2.04,31386,19967,3700,9267,6609,3993,2903,2323,2241,3026,6075,5431,540,2365,2188,3032,1845,558,14505,73125,38795,22286,24031,1745,35
11368,72897440,107962,58332,49630,1.48,83971,5888,10561,11756,78823,9101,7428,6180,6614,9428,22249,17601,663,4848,3507,4652,2848,989,28318,57070,21209,89,102,13,31
11369,72905258,40761,20863,19898,0.56,32532,2340,6438,4681,26620,2668,2380,2652,2737,3746,6876,6028,472,2317,1853,2094,1472,628,11396,66369,25658,561,567,6,34
11370,30306774,37244,22374,14870,1.23,32052,8369,5644,8224,13583,1456,1615,1787,3207,3877,6713,6055,606,1726,1504,1647,1661,467,8696,68954,26229,24031,25871,1840,35
11371,22245658,0,0,0,0,0,0,0,0,0,0,0,0,0,0,0,0,12,0,0,0,0,0,0,0,0,,,,50
11372,30510372,63320,31734,31586,2.08,53332,11630,778,11835,37519,3619,3048,2708,3040,4563,11675,9711,825,3760,3474,4302,2162,1076,24220,62316,27967,31084,32860,1776,37
11373,20269212,99159,50558,48601,4.89,82277,7339,1407,48211,40348,5953,4899,5071,5131,7716,18380,17197,937,6219,4750,6523,2996,928,31651,62530,26491,18705,19382,677,35
11374,42944909,42297,20358,21939,0.98,35910,21722,940,10642,7553,2421,2118,1584,1432,2103,7838,5704,556,3755,2822,3545,2218,1137,19056,74469,43113,28096,29582,1486,41
11375,25323375,69757,32444,37313,2.75,58901,40526,1925,17216,8409,3986,3437,2887,2673,2818,10493,11698,696,4572,4381,5857,4538,2458,32079,94345,55059,28307,29962,1655,41
11377,55685970,86316,43070,43246,1.55,71882,18304,2157,31252,32922,4796,4783,4080,4439,6095,17468,14688,764,4835,4468,5084,2913,1186,31532,63139,30821,0,4,4,35
11378,73002094,32268,15626,16642,0.44,26458,19558,389,3087,8865,2062,1645,1727,1520,2091,5231,4926,356,2187,2033,2289,1301,807,12619,69726,39191,4966,5187,221,38
11379,67651395,35822,17248,18574,0.53,30208,26435,384,2984,5874,1573,1889,1857,1803,1729,4763,5345,496,2497,2486,3447,2034,1097,13648,83856,44985,26403,28588,2185,41
11385,56758399,99379,49011,50368,1.75,79114,44483,1465,6709,45714,6805,5743,6553,6256,7890,16439,14671,828,6259,4628,5881,3339,1272,34622,64260,32281,0,0,0,34
11411,123928557,18722,8610,10112,0.15,16128,272,16860,341,857,715,889,813,1416,1259,1918,2499,312,1371,1351,1956,1039,373,6108,93660,40851,,,,41
11412,32412885,37176,16560,20616,1.15,30052,369,32234,885,2462,2036,2181,2465,2780,2778,4612,4835,472,2253,2059,2729,1624,686,11034,80374,34357,2477,2694,217,36
11413,47737541,40385,18168,22217,0.85,32467,489,36308,605,2005,2159,2347,2730,2864,3041,5216,5203,492,2306,2616,3040,1958,558,12114,89814,37779,,,,37
11414,85000125,28094,12911,15183,0.33,23421,20612,686,696,5495,1407,1756,1295,1253,1156,3321,3818,558,2186,1932,2952,2126,1145,11059,84024,43871,8784,9101,317,43
11415,64965652,19145,8974,10171,0.29,16015,9273,1570,3136,4848,1100,820,1037,858,1148,3998,2418,365,1315,1264,1669,691,434,8466,78864,46055,7098,7704,606,38
11416,16671446,25950,12967,12983,1.56,20284,3050,1259,9556,10717,1790,1943,1602,2117,2209,3881,4165,380,1431,1053,1446,604,286,7127,71675,30004,9157,9891,734,32
11417,19080024,31004,14987,16017,1.62,24366,7053,2344,8738,11288,2198,1714,2179,2099,2555,4411,4582,454,1942,1386,1626,983,388,9483,76485,33487,11103,12049,946,34
11418,30963490,36828,18104,18724,1.19,28752,6398,2599,9130,15775,2558,2623,2291,2481,2753,6187,5421,375,2199,2037,1906,965,464,11058,71669,32669,10118,10988,870,33
11419,31893592,49193,24234,24959,1.54,40312,2140,8365,14831,8312,2312,2409,3510,3514,4821,7182,6662,623,3505,2817,2711,1220,339,12507,70532,25829,2383,2436,53,34
11420,31431213,48449,23009,25440,1.54,38819,3611,13163,8880,11520,2908,2940,3117,3455,4086,6848,6958,539,3357,2424,3085,1387,521,13485,77629,30520,12155,12792,637,34
11421,59804450,42588,20985,21603,0.71,33373,7400,2300,7088,24657,3103,2776,2602,3165,3485,6664,6076,481,2716,2196,2098,926,531,12188,76733,29682,0,133,133,33
11422,24889826,33280,14712,18568,1.34,25742,1525,27995,1005,2351,2247,2424,2329,2385,2443,4796,4171,508,2173,1808,2038,787,432,10041,93330,39872,1533,1666,133,33
11423,56574920,31625,14939,16686,0.56,25904,3368,12511,7698,4930,1750,1535,2140,2253,2188,3762,4697,483,2296,1624,2627,1343,655,9948,81033,31553,16713,31798,15085,38
11426,44969230,19575,9524,10051,0.44,15724,7096,517,7262,3987,1294,837,1244,1517,1060,3081,2035,364,1697,989,1284,771,439,5950,99850,42015,,,,37
11427,47973828,24877,11691,13186,0.52,20691,4826,5773,8709,3540,1393,1143,1300,1493,2101,3547,3330,385,1602,1754,1921,809,421,7960,85446,38371,,,,37
11428,39769871,20307,9877,10430,0.51,16912,1923,4365,5812,5478,986,991,1076,1407,1778,2691,2992,421,1760,1183,1402,642,276,5699,81239,31955,,,,37
11429,21521650,28311,13544,14767,1.32,23460,667,21906,885,3306,1479,1414,1667,2140,2252,3655,4010,456,2084,1498,2269,1297,338,7635,83891,31263,,,,37
11430,38249762,140,120,20,0,140,12,81,0,47,0,0,0,0,21,30,29,26,18,12,6,0,0,0,0,10625,,,,42
11432,202523775,61687,29649,32038,0.3,50055,8169,9642,23307,16262,4124,3456,3475,4719,5115,9109,8069,721,4072,2611,4519,2528,1377,18653,67975,26475,2302,2706,404,36
11433,60273788,32821,14485,18336,0.54,24831,205,23068,2089,5249,2451,2329,2561,2858,2590,4728,4237,469,1656,1639,2161,1136,507,10160,58033,30969,15150,16253,1103,33
11434,46768687,62809,27959,34850,1.34,49446,918,53433,646,6165,3999,4020,4449,4451,4617,8636,8876,691,3942,3000,4055,2666,1267,20120,70618,33431,,,,35
11435,87619011,53542,26654,26888,0.61,43116,7760,12281,10519,18485,3640,3192,2778,3487,3835,9371,7933,554,3731,2619,3162,1675,552,18287,64739,30728,16061,16703,642,34
11436,42028331,17636,8564,9072,0.42,14148,194,12749,1233,2075,1056,1049,1072,1274,1422,2618,2395,229,1053,940,1205,591,279,5272,73273,32151,,,,35
11691,22726501,61091,28055,33036,2.69,44828,13893,27614,1619,16530,6487,4244,4568,4512,5296,8829,6557,630,3220,2514,4191,2589,1132,18942,56640,28883,7317,7415,98,33
11692,82554550,17674,8238,9436,0.21,13328,2520,10184,405,4005,1382,1372,1326,1190,1302,2141,2451,381,1055,896,993,711,195,5974,60455,34229,5037,5225,188,33
11693,24251215,11335,5227,6108,0.47,9131,5282,3092,679,2171,654,730,611,896,780,1340,1487,356,684,600,867,474,81,4518,60995,40401,5912,6205,293,36
11694,46272219,21725,10672,11053,0.47,17635,16570,1496,499,2893,1082,1379,1325,1453,781,2364,2824,405,1553,1520,1841,1397,573,8190,93633,47087,,,,40
11697,48916575,4223,2105,2118,0.09,3373,4144,3,0,32,171,274,305,241,147,286,405,131,357,440,436,422,184,1701,100542,57500,,,,45
