EDT,Max TemperatureF,Mean TemperatureF,Min TemperatureF,Max Dew PointF,MeanDew PointF,Min DewpointF,Max Humidity, Mean Humidity, Min Humidity, Max Sea Level PressureIn, Mean Sea Level PressureIn, Min Sea Level PressureIn, Max VisibilityMiles, Mean VisibilityMiles, Min VisibilityMiles, Max Wind SpeedMPH, Mean Wind SpeedMPH, Max Gust SpeedMPH,PrecipitationIn, CloudCover, Events, WindDirDegrees
09/01/12,91,83,74,68,63,58,79,57,34,30.07,29.99,29.92,10,10,9,12,5,20,0,2,,344
09/02/12,82,77,71,69,66,65,87,73,58,30.12,30.07,30.02,10,10,9,8,3,13,0,5,,119
09/03/12,79,75,71,70,65,58,90,69,48,30.18,30.12,30.08,10,10,10,12,7,17,T,8,,122
09/04/12,80,75,70,75,71,65,100,90,79,30.09,29.98,29.84,10,7,2,10,4,19,0.13,7,Rain,76
09/05/12,80,76,71,74,70,63,100,81,62,29.84,29.81,29.78,10,8,3,12,4,22,0.07,6,Rain,267
09/06/12,80,75,69,67,65,64,90,76,62,29.91,29.88,29.83,10,10,10,9,2,13,0,1,,49
09/07/12,87,79,71,71,68,66,90,73,55,29.93,29.89,29.83,10,9,7,10,3,17,0,2,,270
09/08/12,81,72,63,75,70,61,100,82,64,29.87,29.75,29.57,10,7,0,18,5,34,0.39,6,Fog-Rain,241
09/09/12,78,71,63,61,55,49,87,63,38,29.89,29.83,29.78,10,10,10,10,3,16,T,1,,349
09/10/12,72,65,58,57,46,40,78,57,35,30.14,30,29.9,10,10,10,14,5,24,0,0,,313
09/11/12,73,64,54,49,43,38,71,50,29,30.28,30.23,30.15,10,10,10,9,3,16,0,0,,344
09/12/12,80,70,59,54,51,47,75,54,33,30.36,30.33,30.28,10,10,10,9,3,17,0,0,,227
09/13/12,81,72,63,58,55,53,78,60,42,30.38,30.33,30.28,10,10,10,9,3,16,0,0,,245
09/14/12,80,72,64,61,58,53,84,62,39,30.29,30.2,30.09,10,10,10,10,4,18,0,0,,223
09/15/12,73,67,60,60,49,44,84,61,38,30.14,30.1,30.07,10,10,10,13,4,23,0.01,1,,307
09/16/12,75,66,56,48,46,44,72,54,35,30.14,30.09,30.03,10,10,10,9,2,14,0,1,,310
09/17/12,78,68,57,58,49,46,77,55,33,30.12,30.07,30.03,10,10,10,8,3,,0,0,,270
09/18/12,75,71,67,69,68,66,97,88,79,29.91,29.75,29.66,10,6,0,22,6,35,1.54,8,Fog-Rain,203
09/19/12,70,64,57,66,47,40,100,67,33,30.18,29.99,29.74,10,10,8,12,5,21,T,3,Rain,326
09/20/12,69,62,54,55,51,42,78,68,57,30.21,30.16,30.12,10,10,10,12,6,16,0,4,,73
09/21/12,75,68,60,57,54,48,84,66,47,30.14,30.08,30.01,10,10,10,10,5,17,0,3,,124
09/22/12,76,68,60,66,61,56,93,80,66,30.01,29.89,29.79,10,9,2,14,3,23,0.22,4,Rain,207
09/23/12,68,62,55,61,45,38,93,65,37,30.12,30.02,29.87,10,10,8,13,6,21,0,1,,296
09/24/12,67,60,53,45,40,35,71,53,34,30.17,30.13,30.1,10,10,10,12,4,15,0,2,,284
09/25/12,72,63,54,54,46,39,67,54,41,30.2,30.15,30.12,10,10,10,15,6,24,0,1,,227
09/26/12,77,70,63,62,58,54,78,69,60,30.15,30.07,30.02,10,10,9,12,4,21,0.01,7,,250
09/27/12,75,69,63,63,60,58,93,75,57,30.18,30.13,30.06,10,8,2,10,3,17,0.06,6,Rain,237
09/28/12,69,65,60,67,64,57,100,89,78,30.17,30.03,29.94,10,6,0,10,4,16,1.96,7,Fog-Rain,62
09/29/12,65,61,57,57,54,51,93,80,67,29.96,29.92,29.88,10,10,4,8,3,12,0,8,,338
09/30/12,68,62,55,54,51,45,93,69,45,29.89,29.84,29.77,10,10,10,13,3,20,T,4,,272
10/01/12,70,61,52,50,47,44,77,61,44,29.97,29.89,29.83,10,10,10,15,5,24,0,0,,273
10/02/12,69,66,62,63,58,48,100,78,56,30.05,30,29.97,10,5,0,10,3,15,0.38,8,Fog-Rain,78
10/03/12,73,68,63,68,66,63,100,92,84,30.14,30.07,29.99,5,3,0,6,2,9,0,7,Fog,52
10/04/12,74,70,66,68,67,65,97,88,79,30.16,30.1,30.04,8,4,2,8,1,12,T,5,Rain,296
10/05/12,78,70,61,63,58,54,93,68,42,30.07,30.01,29.93,10,9,6,8,3,15,0,0,,262
10/06/12,77,66,54,59,54,42,78,66,54,30,29.87,29.76,10,10,8,16,6,27,0,1,,263
10/07/12,54,50,46,48,43,36,93,74,54,30.12,30.07,30.01,10,9,4,9,2,14,0.19,6,Rain,286
10/08/12,55,50,44,44,42,39,93,76,59,30.27,30.22,30.12,10,10,10,8,3,13,0,2,,312
10/09/12,58,54,50,54,50,42,93,82,71,30.24,30.17,30.08,10,8,3,13,7,17,0.03,8,Rain,55
10/10/12,66,60,53,58,52,36,100,75,50,30.1,29.95,29.8,10,6,1,15,6,26,0.25,6,Rain,41
10/11/12,59,53,47,39,34,29,71,52,33,30.2,30.13,29.98,10,10,10,14,6,26,0,0,,280
10/12/12,56,49,42,40,34,25,71,57,42,30.43,30.2,30.07,10,10,10,16,6,25,0,2,,301
10/13/12,53,46,38,43,28,19,71,50,28,30.52,30.44,30.33,10,10,10,12,4,19,0,0,,180
10/14/12,70,62,53,56,48,40,78,64,49,30.29,30.12,29.96,10,10,10,15,6,26,0,2,,243
10/15/12,71,65,59,63,59,55,93,80,66,29.93,29.74,29.65,10,8,2,13,5,22,0.2,5,Rain,250
10/16/12,59,54,48,52,38,34,75,59,43,29.93,29.79,29.67,10,10,10,18,6,31,0,1,,304
10/17/12,61,53,44,44,39,35,76,60,44,30.02,29.97,29.93,10,10,10,8,2,14,0,0,,287
10/18/12,65,58,50,56,49,42,86,71,56,30.04,30,29.94,10,10,7,13,4,23,T,3,,77
10/19/12,66,64,61,65,62,57,100,92,84,29.97,29.8,29.67,10,4,0,13,5,24,0.89,7,Fog-Rain,155
10/20/12,69,62,54,63,53,39,100,71,42,29.83,29.71,29.65,10,6,1,14,4,24,0,1,,277
10/21/12,65,57,49,42,39,35,77,57,36,30.07,29.95,29.84,10,10,10,14,6,21,0,0,,279
10/22/12,66,58,49,42,41,39,77,57,37,30.11,30.05,30.01,10,10,10,13,4,22,0,0,,288
10/23/12,65,60,54,55,47,41,75,64,52,30.13,30.09,30.07,10,9,4,8,1,10,0.03,4,Rain,357
10/24/12,59,58,56,56,53,51,93,84,75,30.22,30.14,30.09,10,7,4,10,5,13,T,8,Rain,59
10/25/12,62,59,55,54,51,49,86,79,72,30.27,30.24,30.2,10,10,10,8,3,10,0,8,,78
10/26/12,65,61,57,55,54,51,86,77,67,30.25,30.18,30.12,10,10,10,6,2,9,0,8,,1
10/27/12,65,62,59,56,54,51,84,76,67,30.11,30.01,29.92,10,9,7,15,7,20,0,6,,68
10/28/12,59,57,55,51,46,42,75,66,57,29.91,29.81,29.66,10,10,10,24,12,38,0,6,,57
10/29/12,62,57,52,61,54,45,93,80,66,29.63,28.94,28.53,10,5,2,38,19,62,0.67,8,Rain,60
10/30/12,54,51,47,51,47,41,93,84,74,29.49,29.33,29.01,10,8,1,21,8,38,0.27,8,Rain,160
10/31/12,50,47,44,41,37,36,89,73,56,29.59,29.54,29.48,10,10,9,13,5,19,0.01,7,Rain,249
11/01/12,51,47,43,39,37,36,76,66,56,29.62,29.59,29.57,10,10,10,14,6,19,0,4,,263
11/02/12,53,48,42,38,34,29,71,57,42,29.76,29.66,29.61,10,10,10,16,7,28,0,7,,285
11/03/12,51,46,40,31,29,28,62,52,42,29.95,29.84,29.76,10,10,10,18,8,29,0,3,,296
11/04/12,51,45,39,31,30,29,70,58,46,29.99,29.96,29.92,10,10,10,14,7,19,0,3,,289
11/05/12,45,40,35,27,23,19,59,50,41,30.18,30.05,29.97,10,10,10,13,5,20,0,4,,4
11/06/12,42,37,31,24,18,15,59,47,34,30.24,30.17,30.08,10,10,10,12,6,20,0,0,,59
11/07/12,41,36,31,34,29,18,100,72,44,30.06,29.87,29.78,10,4,0,22,11,33,1.12,7,Fog-Rain-Snow,21
11/08/12,48,40,32,31,26,22,92,66,39,29.91,29.8,29.74,10,7,1,16,7,28,0.06,6,Snow,312
11/09/12,53,45,36,32,25,21,62,47,32,30.21,30.06,29.92,10,10,10,16,8,26,0,0,,303
11/10/12,55,49,42,39,36,32,71,63,54,30.43,30.32,30.2,10,7,5,9,2,22,0,4,,285
11/11/12,64,57,50,50,46,40,86,71,56,30.49,30.46,30.42,10,8,4,8,3,16,0,1,,170
11/12/12,66,57,48,58,52,46,100,84,67,30.48,30.38,30.19,10,6,0,15,4,24,0,3,Fog,182
11/13/12,62,51,40,58,41,27,90,72,53,30.45,30.29,30.12,10,10,6,13,6,22,0.09,8,Rain,336
11/14/12,47,42,37,28,25,23,64,55,45,30.53,30.48,30.45,10,10,10,15,6,21,0,0,,35
11/15/12,45,40,35,29,25,22,64,55,45,30.47,30.38,30.3,10,10,10,13,5,17,0,0,,50
11/16/12,46,42,38,29,26,24,70,56,42,30.46,30.35,30.29,10,10,10,13,5,18,0,0,,26
11/17/12,51,45,39,31,28,25,64,54,44,30.63,30.57,30.46,10,10,10,12,5,16,0,0,,46
11/18/12,49,44,38,35,32,27,76,66,56,30.67,30.62,30.57,10,10,9,13,6,17,0,1,,55
11/19/12,47,42,37,38,35,31,82,74,65,30.55,30.4,30.25,10,10,10,14,6,20,0,3,,51
11/20/12,51,46,40,35,32,30,79,63,46,30.23,30.17,30.12,10,10,10,9,4,12,0,0,,46
11/21/12,53,47,40,35,31,28,70,56,42,30.24,30.19,30.14,10,10,10,10,5,15,0,0,,49
11/22/12,54,48,41,42,37,32,86,70,54,30.28,30.22,30.13,10,10,8,9,3,12,0,1,,47
11/23/12,56,50,43,45,41,37,86,70,54,30.13,29.91,29.68,10,9,7,12,5,17,0.01,2,Rain,251
11/24/12,50,43,35,41,21,14,74,55,36,29.85,29.75,29.67,10,10,10,21,10,34,0,2,,288
11/25/12,40,37,33,21,18,13,56,48,40,29.96,29.9,29.84,10,10,10,15,7,28,0,4,,276
11/26/12,48,42,36,22,19,17,56,44,31,30.25,30.11,29.96,10,10,10,15,5,22,0,1,,299
11/27/12,42,38,34,36,32,19,100,70,39,30.31,30.25,30.21,10,6,2,13,6,20,0.53,8,Rain-Snow,43
11/28/12,41,38,34,33,25,20,85,67,48,30.27,30.22,30.18,10,10,9,14,6,21,0,3,,277
11/29/12,43,39,34,25,22,20,61,52,43,30.36,30.31,30.27,10,10,9,15,7,26,0,0,,245
11/30/12,46,42,38,34,28,23,76,61,45,30.45,30.38,30.31,10,10,8,18,6,25,0,5,,48
12/01/12,41,39,36,38,33,28,92,81,70,30.55,30.47,30.43,10,8,4,18,9,25,0,8,,63
12/02/12,52,47,41,47,42,39,100,87,74,30.44,30.3,30.12,9,3,0,14,3,26,0.04,6,Fog-Rain,285
12/03/12,60,55,49,47,45,42,93,72,51,30.27,30.19,30.1,10,8,4,12,4,19,0,1,,345
12/04/12,62,55,47,53,49,42,100,84,67,30.29,30.21,29.97,10,5,2,8,3,16,0.07,5,Rain,118
12/05/12,58,47,35,51,35,18,86,63,40,30.23,30.05,29.91,10,10,10,18,8,33,T,3,Rain,296
12/06/12,40,35,29,22,17,14,58,48,37,30.37,30.3,30.22,10,10,10,15,3,21,0,0,,26
12/07/12,46,41,35,44,37,23,100,78,56,30.27,30.15,30.02,10,6,2,12,3,17,0.14,7,Rain,282
12/08/12,50,47,44,48,45,43,100,93,86,30.04,29.95,29.88,6,3,1,10,3,14,0.36,8,Rain,7
12/09/12,50,46,42,48,41,32,100,85,70,30.25,30.16,30.01,10,6,2,15,7,23,0.18,7,Rain,57
12/10/12,59,52,44,57,53,44,100,94,87,29.99,29.72,29.55,7,4,0,12,4,17,0.03,8,Fog-Rain,237
12/11/12,58,50,41,47,33,25,93,71,49,30.2,29.9,29.62,10,10,6,15,6,24,0.06,7,Rain,304
12/12/12,43,40,36,25,23,21,59,51,43,30.43,30.36,30.21,10,10,2,10,3,16,0,0,,306
12/13/12,46,41,36,29,25,22,70,55,40,30.45,30.4,30.32,10,10,10,12,2,14,0,0,,37
12/14/12,48,43,37,26,23,22,64,49,34,30.31,30.23,30.15,10,10,9,16,5,24,0,0,,258
12/15/12,47,43,38,32,28,26,64,55,45,30.32,30.26,30.2,10,10,9,10,4,14,0,1,,103
12/16/12,47,45,42,44,41,33,100,81,62,30.22,30.04,29.91,10,5,1,21,9,30,0.4,8,Rain,75
12/17/12,43,42,40,43,41,38,100,95,89,29.92,29.81,29.63,10,5,2,18,9,25,0.29,8,Rain,69
12/18/12,54,49,43,46,43,32,100,83,65,29.64,29.53,29.46,10,6,1,18,7,27,0.51,7,Rain,336
12/19/12,47,43,39,32,27,24,67,55,42,30.12,29.84,29.63,10,10,10,18,9,32,0,2,,294
12/20/12,47,41,35,43,30,23,83,67,51,30.22,30.08,29.83,10,10,5,15,5,29,0.02,3,Rain,67
12/21/12,56,46,36,54,42,26,96,78,59,29.71,29.29,29.12,10,7,2,24,10,40,0.7,8,Rain,213
12/22/12,38,37,36,30,23,16,82,61,40,29.82,29.54,29.33,10,10,8,24,12,43,T,6,Snow,284
12/23/12,42,39,35,23,20,14,59,46,32,29.95,29.9,29.83,10,10,10,16,7,23,0,1,,276
12/24/12,40,37,33,34,24,18,100,74,47,30.09,30.02,29.94,10,8,2,12,4,17,0.07,3,Snow,336
12/25/12,41,37,32,36,31,24,100,80,59,30.25,30.05,29.91,10,7,2,14,6,22,0.06,6,,8
12/26/12,39,34,28,38,29,18,96,80,63,30.28,29.95,29.48,10,5,0,30,14,45,0.99,6,Fog-Rain-Snow,69
12/27/12,39,35,30,38,31,18,100,81,61,29.85,29.52,29.28,10,8,2,29,13,44,0.62,8,Rain,340
12/28/12,37,34,30,22,21,17,69,61,52,30.08,30.01,29.85,10,10,10,17,7,29,0,3,,304
12/29/12,34,32,30,33,28,22,100,82,63,30.04,29.67,29.5,10,5,0,15,6,21,0.26,7,Fog-Snow,21
12/30/12,34,31,28,24,16,12,78,60,41,30.17,29.9,29.6,10,10,10,22,11,41,0,1,,303
12/31/12,38,33,28,23,19,13,63,56,48,30.18,30.06,29.89,10,10,10,15,8,25,0,4,,262
01/01/13,40,33,26,27,22,9,64,54,44,30.01,29.9,29.84,10,10,10,15,7,26,0,5,,283
01/02/13,33,28,22,15,11,9,57,48,39,30.17,30.06,30.01,10,10,10,15,6,22,0,0,,299
01/03/13,32,28,24,17,14,12,68,56,43,30.19,30.13,30.06,10,10,10,13,5,20,0,2,,272
01/04/13,37,34,30,21,19,18,63,56,48,30.08,30.02,29.95,10,10,10,18,8,28,0,3,,268
01/05/13,42,37,32,21,19,16,56,48,39,30.26,30.19,30.02,10,10,10,17,7,26,0,1,,285
01/06/13,46,40,34,31,27,21,89,67,45,30.21,30.08,29.97,10,8,5,13,7,20,T,5,,257
01/07/13,45,41,37,27,23,18,64,50,36,30.39,30.28,30.06,10,10,10,16,5,25,0,0,,291
01/08/13,48,42,35,30,27,24,70,59,48,30.43,30.37,30.34,10,9,7,17,7,25,0,0,,251
01/09/13,49,44,39,36,32,27,76,65,54,30.38,30.27,30.14,10,8,4,14,4,22,0,3,,265
01/10/13,47,44,40,31,23,20,62,48,34,30.54,30.45,30.25,10,10,10,15,7,22,0,0,,304
01/11/13,46,42,37,45,35,22,100,74,48,30.53,30.3,30.1,10,6,1,10,5,14,0.55,5,Rain,76
01/12/13,47,45,42,44,42,41,100,93,86,30.2,30.13,30.07,8,4,1,10,4,14,0.02,8,Rain,43
01/13/13,50,47,43,49,44,42,100,93,86,30.17,30.11,30.01,10,4,0,12,3,18,0,8,Fog,160
01/14/13,56,47,38,53,45,28,100,73,46,30.31,30.09,29.93,10,5,0,14,3,21,0.09,7,Fog-Rain,316
01/15/13,38,37,35,33,26,23,89,72,54,30.34,30.28,30.22,10,10,6,13,7,19,0.12,8,Rain,38
01/16/13,37,35,32,33,32,28,96,83,70,30.21,29.99,29.84,9,5,2,16,5,27,0.69,7,Rain,356
01/17/13,43,39,35,32,26,22,82,66,49,30.09,30.02,29.91,10,10,10,13,6,20,0,3,,318
01/18/13,35,30,25,21,9,1,61,46,31,30.48,30.34,30.01,10,10,9,14,7,23,0,3,,323
01/19/13,51,41,30,27,22,11,64,48,32,30.39,30.16,29.92,10,10,10,20,10,32,0,0,,237
01/20/13,53,42,30,28,20,8,64,41,18,30.04,29.83,29.69,10,10,10,23,11,37,0,0,,270
01/21/13,32,29,26,16,10,5,58,47,35,30.09,29.98,29.83,10,10,10,15,5,22,0,5,,270
01/22/13,27,20,13,11,0,-8,58,43,28,30.2,30.03,29.83,10,10,7,20,11,29,T,2,,297
01/23/13,20,16,11,0,-5,-8,53,42,31,30.25,30.2,30.16,10,10,10,17,8,26,0,2,,292
01/24/13,22,17,12,2,-2,-7,61,46,31,30.38,30.25,30.13,10,10,10,20,8,31,0,1,,311
01/25/13,24,19,13,17,8,-3,84,62,39,30.42,30.23,30.06,10,6,1,15,7,23,0.07,4,Snow,284
01/26/13,27,21,15,12,7,4,80,59,38,30.37,30.17,30.04,10,10,10,17,7,27,0,0,,303
01/27/13,34,27,19,10,8,6,67,50,33,30.52,30.46,30.38,10,10,10,14,6,21,0,0,,289
01/28/13,36,33,29,33,26,10,96,69,42,30.48,30.21,30.01,10,5,0,13,5,20,0.22,7,Rain-Snow,233
01/29/13,49,43,36,41,37,33,93,82,70,30.16,30.1,30,8,4,2,10,4,29,0.06,8,Rain,119
01/30/13,59,49,39,53,46,37,100,89,77,30.06,29.77,29.37,10,4,0,15,5,23,0.04,7,Fog-Rain,121
01/31/13,61,46,30,57,35,8,93,63,32,29.78,29.34,29.05,10,7,0,26,12,43,0.9,5,Fog-Rain,251
02/01/13,31,28,24,13,9,4,60,46,31,30.23,29.95,29.8,10,10,10,15,9,32,0,3,,287
02/02/13,29,24,19,20,10,3,81,58,34,30.3,30.16,30.06,10,7,2,16,7,26,0.02,5,Snow,268
02/03/13,30,27,24,21,18,14,81,67,53,30.04,29.9,29.79,10,8,2,10,4,15,0.02,6,Snow,342
02/04/13,30,27,23,19,9,6,69,54,39,29.97,29.92,29.81,10,10,7,17,7,32,0,2,,282
02/05/13,32,30,28,28,24,15,85,68,50,29.98,29.93,29.9,10,5,2,13,5,15,0.02,8,Snow,47
02/06/13,39,34,29,28,19,0,92,62,31,30.35,30.12,29.92,10,8,2,15,5,22,0,3,,301
02/07/13,32,29,26,22,10,1,59,44,29,30.51,30.42,30.33,10,10,10,10,6,13,0,3,,68
02/08/13,34,31,27,31,29,23,92,78,63,30.31,29.86,29.64,10,3,0,25,14,37,1.15,8,Fog-Rain-Snow,53
02/09/13,32,27,21,26,18,5,92,64,36,30.34,29.97,29.76,10,4,0,18,9,31,0.38,3,Fog-Snow,313
02/10/13,36,27,18,21,11,6,67,51,35,30.48,30.39,30.33,10,10,10,13,3,20,0,0,,268
02/11/13,45,40,34,43,39,15,100,74,47,30.31,29.9,29.67,10,3,0,10,4,18,0.49,7,Fog-Rain,273
02/12/13,44,40,36,38,25,22,83,64,45,29.96,29.85,29.72,10,10,10,17,9,32,0,4,,281
02/13/13,44,39,33,31,25,20,82,61,40,29.95,29.8,29.7,10,9,2,12,3,18,0.03,3,Snow,19
02/14/13,46,40,33,31,28,22,89,63,37,30,29.88,29.72,10,9,4,13,4,18,T,3,Snow,283
02/15/13,55,46,37,36,31,27,76,59,41,30.01,29.97,29.91,10,8,5,16,6,24,0,2,,231
02/16/13,41,36,31,33,25,13,92,69,45,29.98,29.9,29.73,10,10,7,15,7,25,0.02,8,Snow,27
02/17/13,32,25,18,13,3,-2,47,37,27,30,29.76,29.66,10,10,10,25,12,40,0,3,,318
02/18/13,35,26,17,10,4,0,49,39,28,30.23,30.17,30.02,10,10,10,17,8,31,0,0,,288
02/19/13,49,41,33,43,29,10,89,64,38,30.19,29.88,29.67,10,9,5,18,7,28,0.15,4,Rain,220
02/20/13,38,32,25,20,12,7,54,45,36,29.98,29.85,29.72,10,10,10,22,12,34,0,3,,290
02/21/13,34,29,24,12,10,9,60,49,38,30.27,30.06,29.97,10,10,10,21,10,32,0,3,,302
02/22/13,38,32,25,30,21,13,70,59,48,30.39,30.33,30.27,10,10,10,16,7,24,0,3,,64
02/23/13,42,39,36,40,36,31,93,85,76,30.27,30.04,29.81,10,4,1,21,9,30,0.26,8,Rain,74
02/24/13,47,41,34,36,32,20,92,72,52,29.96,29.81,29.74,10,8,2,17,7,32,0.01,7,,322
02/25/13,45,39,32,26,24,21,69,57,45,30.23,30.12,29.99,10,10,10,12,5,18,0,4,,333
02/26/13,44,40,35,34,30,27,92,75,57,30.29,30.17,29.9,10,9,3,20,8,28,0.14,5,Rain,75
02/27/13,47,42,36,43,38,34,100,83,65,29.91,29.63,29.5,10,4,1,24,11,37,1.56,8,Rain,61
02/28/13,51,45,39,36,32,26,70,58,46,29.64,29.59,29.55,10,10,7,12,5,19,T,7,Rain,277
03/01/13,45,41,36,29,27,24,75,60,45,29.78,29.69,29.61,10,10,10,15,5,23,0,5,,309
03/02/13,40,36,31,26,23,21,69,59,48,29.77,29.75,29.7,10,9,2,13,8,19,T,8,Snow,305
03/03/13,40,35,29,22,17,14,72,56,40,29.76,29.72,29.66,10,10,6,16,8,25,T,5,Snow,307
03/04/13,42,35,27,18,17,13,63,52,40,29.9,29.81,29.76,10,10,10,18,10,29,0,2,,303
03/05/13,49,40,31,26,22,18,63,50,37,30.03,29.98,29.92,10,10,10,15,7,25,0,1,,17
03/06/13,42,40,38,34,30,26,82,69,55,29.97,29.9,29.86,10,10,10,30,16,46,0,8,,65
03/07/13,38,36,33,34,30,25,96,78,59,30.1,30.03,29.92,10,5,2,26,10,37,0.19,8,Snow,16
03/08/13,42,37,31,32,30,25,100,76,51,30.18,30.06,30,10,4,0,17,8,27,0.56,8,Fog-Snow,358
03/09/13,55,45,35,29,21,13,59,40,21,30.32,30.24,30.17,10,10,10,16,6,23,0,0,,36
03/10/13,50,43,36,34,32,27,82,70,58,30.39,30.34,30.31,10,10,10,13,5,16,0,1,,152
03/11/13,54,47,40,46,40,33,93,81,68,30.34,30.22,30.1,10,9,6,16,7,24,0,7,,171
03/12/13,57,50,43,54,47,35,96,81,65,30.09,29.86,29.68,10,6,2,20,8,37,0.79,7,Rain,194
03/13/13,52,45,38,35,27,20,76,54,31,29.89,29.85,29.79,10,10,10,17,6,27,0,2,,288
03/14/13,41,35,29,24,10,4,59,41,23,29.96,29.9,29.84,10,10,10,21,12,34,0,4,,302
03/15/13,47,39,30,28,17,9,57,46,35,29.97,29.85,29.71,10,10,10,16,8,26,0,4,,282
03/16/13,41,37,32,31,27,17,89,67,44,29.91,29.83,29.78,10,5,0,13,4,19,0.12,7,Fog-Snow,38
03/17/13,38,34,29,28,16,9,82,57,32,30.3,30.11,29.92,10,10,9,14,6,23,0,0,,304
03/18/13,35,32,28,31,19,5,100,68,35,30.4,30.26,30.02,10,6,0,17,10,24,0.6,5,Fog-Rain-Snow,73
03/19/13,43,38,33,34,32,26,96,78,59,29.98,29.78,29.7,10,8,2,23,10,33,0.36,6,Rain,24
03/20/13,45,39,32,24,17,14,64,46,28,29.88,29.83,29.79,10,10,10,20,8,28,T,4,,290
03/21/13,40,35,30,26,15,9,78,54,30,29.84,29.73,29.63,10,10,7,14,6,23,T,8,Snow,346
03/22/13,41,35,28,21,15,11,58,48,37,29.88,29.79,29.73,10,10,10,17,9,26,0,4,,287
03/23/13,46,39,32,21,17,15,56,44,31,29.93,29.87,29.82,10,10,10,18,10,31,0,3,,293
03/24/13,47,40,33,26,20,17,59,47,34,29.94,29.83,29.71,10,10,10,13,5,18,0,0,,344
03/25/13,40,38,36,34,30,23,92,71,50,29.7,29.56,29.47,10,8,4,24,9,36,0.17,7,Rain-Snow,68
03/26/13,53,45,37,30,26,22,76,54,32,29.86,29.73,29.59,10,10,10,13,5,20,0,5,,306
03/27/13,53,45,36,29,23,18,60,43,26,29.97,29.9,29.86,10,10,10,16,6,24,0,2,,297
03/28/13,51,44,37,31,28,25,70,56,42,30.11,30.01,29.96,10,10,10,13,6,23,T,4,,325
03/29/13,55,48,40,28,26,23,64,47,29,30.14,30.11,30.05,10,10,10,15,6,24,0,3,,306
03/30/13,59,50,40,30,25,15,64,42,19,30.17,30.12,30.06,10,10,10,12,4,17,0,1,,301
03/31/13,54,49,44,45,33,19,93,61,29,30.12,29.95,29.68,10,8,2,16,6,24,0.08,4,Rain,204
04/01/13,62,50,37,45,37,11,93,62,30,29.91,29.72,29.62,10,8,2,20,7,31,T,4,Rain,275
04/02/13,43,38,33,14,10,7,43,33,22,30.08,29.99,29.93,10,10,10,18,10,30,0,2,,292
04/03/13,46,40,33,12,9,6,41,31,20,30.29,30.15,30.08,10,10,10,15,11,31,0,0,,293
04/04/13,53,43,33,29,18,13,53,40,26,30.38,30.25,30.09,10,10,10,13,6,22,0,0,,246
04/05/13,64,53,41,29,22,14,57,37,16,30.06,29.89,29.71,10,10,10,17,6,29,0,1,,306
04/06/13,52,44,35,28,15,4,57,36,14,30.31,30.22,30.01,10,10,10,20,6,31,0,0,,272
04/07/13,55,48,40,42,33,22,71,56,40,30.3,30.16,30,10,10,10,14,7,31,0,1,,199
04/08/13,73,62,51,46,41,36,77,52,27,30.07,30.02,29.98,10,10,10,16,4,26,0,0,,204
04/09/13,82,67,51,50,42,30,89,53,16,29.99,29.94,29.9,10,9,6,17,5,31,T,0,,288
04/10/13,74,65,55,57,50,44,86,65,44,29.95,29.89,29.81,10,7,2,16,5,32,0.49,3,Rain,106
04/11/13,60,54,47,58,48,38,93,77,60,30.07,29.94,29.77,10,8,2,15,6,23,T,7,,82
04/12/13,47,44,41,41,39,37,93,82,71,30.03,29.87,29.72,10,6,1,23,11,34,0.63,8,Rain,78
04/13/13,58,50,41,39,37,31,93,67,41,29.97,29.86,29.75,10,10,8,13,3,19,0.01,7,Rain,344
04/14/13,57,52,46,36,29,24,61,46,30,30.22,30.07,29.97,10,10,10,16,6,24,0,3,Rain,345
04/15/13,59,52,44,39,29,24,71,51,30,30.38,30.32,30.23,10,10,10,14,6,18,0,2,,132
04/16/13,63,55,47,52,46,38,80,70,60,30.37,30.28,30.12,10,10,10,18,7,26,0,4,,172
04/17/13,71,63,55,54,43,32,78,53,28,30.29,30.19,30.12,10,10,10,12,5,19,0.02,4,Rain,8
04/18/13,59,55,51,53,43,34,100,70,40,30.34,30.26,30.11,10,9,5,17,6,27,0.01,6,Rain,159
04/19/13,71,63,55,61,56,53,93,80,66,30.13,29.9,29.65,10,7,1,16,7,26,0.05,6,Rain,175
04/20/13,60,52,43,55,35,22,83,54,25,30.3,29.93,29.7,10,10,6,16,9,30,0.06,4,Rain,287
04/21/13,55,46,37,30,21,15,58,40,22,30.62,30.52,30.33,10,10,10,15,5,23,0,0,,51
04/22/13,55,48,41,34,31,27,67,53,38,30.65,30.59,30.49,10,10,10,21,10,26,0,2,,90
04/23/13,53,47,41,39,35,30,76,69,62,30.49,30.32,30.12,10,10,4,20,9,31,0,7,,54
04/24/13,69,57,44,49,43,37,83,64,45,30.09,29.97,29.84,10,9,7,12,5,19,0,0,,231
04/25/13,66,56,46,51,29,19,77,48,18,30.26,30.13,29.87,10,10,9,16,5,28,0,2,,277
04/26/13,67,59,50,32,29,20,45,32,18,30.41,30.34,30.27,10,10,10,13,3,23,0,0,,271
04/27/13,71,60,48,31,27,22,46,32,18,30.43,30.36,30.29,10,10,10,13,5,18,0,0,,89
04/28/13,69,60,51,41,33,25,59,41,22,30.31,30.27,30.21,10,10,9,14,4,21,0,0,,178
04/29/13,57,55,52,50,46,43,77,69,61,30.25,30.22,30.19,10,10,6,13,5,22,0.04,8,Rain,168
04/30/13,68,60,51,48,35,20,89,54,18,30.34,30.28,30.21,10,10,9,10,5,,0,4,,108
05/01/13,69,58,47,43,36,24,71,49,27,30.48,30.43,30.35,10,10,10,16,5,26,0,0,,69
05/02/13,72,61,49,44,40,36,80,54,27,30.46,30.4,30.33,10,10,10,9,4,14,0,0,,116
05/03/13,66,58,49,43,39,33,80,57,34,30.46,30.41,30.38,10,10,10,17,7,27,0,1,,90
05/04/13,69,59,48,44,41,37,86,61,35,30.37,30.3,30.26,10,10,9,16,6,22,0,0,,93
05/05/13,64,55,46,43,39,35,76,56,36,30.32,30.27,30.23,10,10,10,14,6,19,0,2,,77
05/06/13,69,58,46,51,46,42,86,69,52,30.3,30.22,30.16,10,10,7,12,4,16,0,5,,91
05/07/13,74,63,52,57,52,46,83,68,53,30.19,30.14,30.09,10,10,8,10,6,14,0,3,,77
05/08/13,63,59,55,60,57,51,97,88,78,30.12,30.06,29.98,10,4,0,12,6,17,3.02,7,Fog-Rain,73
05/09/13,68,61,54,58,55,52,93,80,67,30.01,29.95,29.89,10,5,1,9,4,13,0.5,6,Rain,52
05/10/13,79,69,59,55,54,53,80,61,42,30,29.95,29.89,10,9,6,10,4,20,0.01,0,,243
05/11/13,70,66,61,63,61,56,100,89,78,29.92,29.8,29.7,9,4,0,10,3,18,1.09,6,Fog-Rain,233
05/12/13,70,61,51,61,39,24,93,59,24,29.94,29.74,29.66,10,10,7,16,8,29,T,2,Rain,279
05/13/13,58,52,45,32,27,23,58,44,29,30.11,30.02,29.95,10,10,10,15,7,25,0,2,,289
05/14/13,61,52,42,33,26,18,70,45,19,30.13,30.09,30.03,10,10,10,10,4,17,0,0,,280
05/15/13,69,62,54,57,45,28,73,56,38,30.06,29.89,29.71,10,10,8,22,10,28,0,5,,214
05/16/13,79,71,62,56,50,41,78,55,32,29.83,29.76,29.72,10,10,9,13,4,23,0,1,,284
05/17/13,72,65,58,41,39,34,51,40,29,30.2,30.05,29.85,10,10,10,17,4,26,0,0,,359
05/18/13,65,61,56,54,48,39,80,62,43,30.31,30.28,30.2,10,10,9,9,2,16,0.01,5,,155
05/19/13,59,57,55,57,55,48,100,84,67,30.35,30.28,30.18,10,3,1,12,5,18,0.6,8,Rain,143
05/20/13,79,69,58,65,60,57,100,82,64,30.19,30.08,29.97,10,4,0,10,2,15,0,5,Fog,230
05/21/13,86,77,68,68,65,64,84,70,55,29.97,29.91,29.84,10,8,4,13,5,22,0,0,,234
05/22/13,78,69,59,68,63,56,90,79,68,29.96,29.9,29.85,10,5,2,16,3,24,0,5,,93
05/23/13,80,72,64,70,66,63,100,84,67,29.91,29.85,29.77,10,5,0,12,5,22,1.81,7,Fog-Rain,179
05/24/13,65,55,45,63,54,40,100,88,76,29.96,29.81,29.69,10,6,1,15,5,30,0.3,8,Rain,298
05/25/13,54,50,45,44,41,37,92,76,59,30,29.93,29.9,10,9,2,17,9,34,0.14,8,Rain,307
05/26/13,66,57,48,38,35,31,66,48,30,30.2,30.04,29.96,10,10,10,20,8,29,0,2,,302
05/27/13,73,62,51,39,36,32,54,39,23,30.25,30.19,30.12,10,10,10,12,4,20,0,0,,264
05/28/13,68,62,56,57,52,40,100,72,43,30.23,30.19,30.14,10,4,0,10,3,17,0.52,6,Fog-Rain,109
05/29/13,82,70,58,66,61,57,100,79,58,30.16,30.09,30,10,4,0,10,2,16,0,4,Fog,86
05/30/13,90,81,72,66,63,59,73,56,38,30.13,30.09,30.06,10,9,6,10,5,17,0,1,,252
05/31/13,90,83,75,68,63,56,69,52,35,30.12,30.06,29.99,10,9,7,10,4,18,0,0,,257
06/01/13,90,82,73,68,65,62,73,59,45,30.02,29.97,29.9,10,10,9,12,4,20,0,0,,240
06/02/13,88,79,69,71,66,62,97,73,48,29.91,29.84,29.77,10,9,0,15,6,26,0.85,2,Fog-Rain,248
06/03/13,78,72,66,69,67,46,97,71,45,29.89,29.85,29.8,10,5,0,12,3,19,0.87,7,Fog-Rain,65
06/04/13,75,66,57,47,41,36,57,43,29,30.12,30.01,29.91,10,10,10,13,5,21,0,1,,300
06/05/13,74,66,58,53,44,35,78,57,36,30.21,30.16,30.12,10,10,10,10,4,19,0,0,,87
06/06/13,70,65,59,59,55,48,97,72,47,30.16,30.11,30.02,10,8,5,13,5,21,0.13,4,Rain,146
06/07/13,63,61,59,61,59,57,100,95,90,30,29.84,29.64,8,2,0,20,8,32,4.16,8,Fog-Rain,74
06/08/13,77,67,57,63,58,54,93,77,61,30.05,29.8,29.58,10,8,2,15,4,20,0.48,6,Rain,320
06/09/13,80,72,63,60,58,54,84,63,42,30.17,30.13,30.07,10,10,9,10,2,17,0,1,,313
06/10/13,70,66,62,66,63,61,100,84,68,30.16,30.04,29.84,9,3,0,14,6,25,1.38,7,Fog-Rain,105
06/11/13,80,72,64,67,64,57,100,79,58,29.82,29.73,29.62,10,6,2,16,6,30,0.09,6,Rain,305
06/12/13,76,71,65,59,52,49,70,54,38,29.85,29.79,29.71,10,10,9,16,5,29,0,1,,308
06/13/13,69,62,55,61,58,51,93,74,55,29.84,29.63,29.48,10,6,0,20,7,31,1.26,7,Fog-Rain,89
06/14/13,72,63,53,60,53,51,93,73,53,29.89,29.71,29.55,10,8,2,18,5,28,0.38,6,Rain,4
06/15/13,80,71,61,55,51,46,78,55,32,30.01,29.95,29.9,10,10,10,12,4,21,0,1,,290
06/16/13,80,73,65,64,56,48,73,58,43,29.99,29.89,29.78,10,10,9,15,4,29,0,2,,264
06/17/13,84,77,69,66,64,60,84,68,51,29.91,29.88,29.84,10,9,2,10,3,23,0.01,1,Rain,257
06/18/13,84,74,64,69,64,62,93,72,51,29.9,29.88,29.83,9,6,2,12,4,16,0.19,5,Rain,74
06/19/13,77,68,59,63,53,43,93,62,31,30.17,30.01,29.88,10,9,3,13,5,19,0.01,2,Rain,25
06/20/13,80,71,62,57,53,48,67,56,45,30.27,30.24,30.18,10,10,9,12,4,20,0,0,,225
06/21/13,82,73,64,57,52,43,63,53,42,30.31,30.27,30.24,10,10,10,10,5,21,0,0,,245
06/22/13,84,75,65,62,54,46,61,53,44,30.27,30.22,30.14,10,10,9,10,4,20,0,0,,253
06/23/13,88,79,70,70,65,58,82,67,51,30.19,30.13,30.06,10,10,9,14,5,24,0,1,,223
06/24/13,92,83,74,70,67,60,87,64,40,30.1,30.03,29.96,10,9,7,13,4,20,0,1,,258
06/25/13,91,82,73,70,66,62,73,59,44,29.99,29.9,29.81,10,8,7,14,3,28,T,1,,252
06/26/13,85,80,74,70,66,63,82,67,51,29.85,29.82,29.78,10,9,1,12,4,19,0.05,2,Rain,267
06/27/13,86,80,73,73,70,66,93,75,57,29.81,29.7,29.57,10,6,1,13,4,24,0.24,5,Rain,129
06/28/13,85,79,73,71,69,63,93,74,55,29.59,29.53,29.48,10,9,5,12,5,22,T,4,,247
06/29/13,83,77,71,71,67,63,84,71,58,29.7,29.6,29.5,10,8,6,12,4,18,0,3,,222
06/30/13,86,80,73,73,71,68,94,80,65,29.94,29.84,29.71,10,7,3,10,3,20,T,4,Rain,178
07/01/13,77,75,72,73,71,70,93,88,82,30.06,29.99,29.91,9,5,0,14,3,26,0.84,7,Fog-Rain,203
07/02/13,82,77,72,74,72,70,94,84,74,30.19,30.11,30.06,10,8,6,12,3,22,0.08,6,Rain,170
07/03/13,83,78,73,76,73,68,100,87,74,30.26,30.21,30.17,10,7,0,12,4,18,0.53,4,Fog-Rain,250
07/04/13,87,81,75,75,72,69,100,80,59,30.28,30.22,30.16,10,8,6,14,4,23,0,4,,235
07/05/13,90,83,76,73,71,66,87,69,51,30.25,30.17,30.09,10,9,8,13,5,19,0,1,,235
07/06/13,92,85,78,72,70,67,79,62,44,30.14,30.09,30.03,10,10,9,13,5,21,0,0,,270
07/07/13,92,85,78,72,70,63,74,63,51,30.06,30,29.93,10,10,10,13,4,23,0,1,,256
07/08/13,89,81,73,72,67,64,87,67,46,30.05,30.01,29.96,10,8,0,13,5,24,0.22,2,Fog-Rain,263
07/09/13,88,81,74,74,68,65,88,71,53,30.08,30.04,29.99,9,6,1,15,3,25,0.23,3,Rain,251
07/10/13,85,80,75,74,71,68,87,73,59,30.01,29.92,29.81,10,6,4,13,4,20,T,4,Rain,243
07/11/13,84,80,76,73,67,58,85,66,47,29.93,29.86,29.8,10,9,7,10,4,17,T,3,,292
07/12/13,77,73,68,69,65,59,93,74,54,30.12,30.05,29.93,10,6,2,18,10,27,0.25,6,Rain,68
07/13/13,81,74,67,72,70,66,97,86,74,30.31,30.23,30.12,9,5,2,13,5,18,0.06,7,Rain,74
07/14/13,90,82,74,74,71,67,100,76,51,30.37,30.31,30.24,10,7,4,10,4,16,0,4,Rain,263
07/15/13,94,86,78,73,70,67,79,62,44,30.25,30.2,30.13,10,10,8,9,4,16,0,1,,307
07/16/13,94,86,77,70,65,60,71,54,36,30.2,30.17,30.13,10,9,9,14,5,20,0,1,,29
07/17/13,97,88,79,71,68,63,71,53,34,30.19,30.13,30.07,10,8,7,9,3,16,0,1,,35
07/18/13,98,90,81,72,69,66,65,52,38,30.07,30.01,29.96,10,8,6,9,4,15,0,0,,270
07/19/13,96,90,83,75,73,69,74,60,46,29.97,29.89,29.79,8,6,5,15,5,25,0,1,,251
07/20/13,93,87,81,74,69,67,69,58,47,29.83,29.79,29.73,10,7,6,15,6,26,0,1,,254
07/21/13,89,83,76,69,64,58,79,58,36,29.96,29.91,29.84,10,10,8,12,5,17,0,2,,80
07/22/13,86,81,75,74,71,66,94,80,65,29.98,29.9,29.81,9,6,2,12,5,17,0.06,6,Rain,88
07/23/13,87,80,73,74,72,67,94,75,55,29.83,29.69,29.57,10,6,1,14,4,23,0.31,6,Rain,251
07/24/13,83,76,68,68,62,52,79,62,45,29.94,29.75,29.62,10,10,10,14,5,22,0,2,,327
07/25/13,68,66,64,59,53,49,73,63,52,30.07,30.02,29.94,10,10,10,17,9,25,0.01,8,Rain,57
07/26/13,83,74,65,63,58,55,78,59,40,30.05,30.02,30,10,10,10,13,5,18,0,5,,34
07/27/13,82,76,70,64,62,57,84,65,45,30.06,30.02,29.97,10,10,8,12,3,21,0,1,,250
07/28/13,78,74,70,71,67,63,93,80,67,30.02,29.97,29.93,10,7,2,13,2,20,0.24,5,Rain,161
07/29/13,85,77,69,69,63,49,97,66,34,30.1,30.02,29.96,10,9,5,14,4,22,0.01,2,Rain,293
07/30/13,83,75,67,56,54,52,63,51,39,30.17,30.13,30.11,10,10,10,10,4,17,0,1,,294
07/31/13,83,75,67,61,57,54,68,54,39,30.17,30.11,30.05,10,10,10,8,3,17,0,1,,243
08/01/13,76,71,66,68,65,60,97,79,60,30.04,29.93,29.84,10,4,0,10,3,16,0.65,7,Fog-Rain,199
08/02/13,83,75,67,68,63,56,97,69,40,29.92,29.86,29.8,10,7,2,13,5,25,0,3,,281
08/03/13,78,73,68,65,61,55,73,63,53,29.92,29.89,29.84,10,9,4,13,3,18,0.06,4,Rain,260
08/04/13,80,73,66,62,54,48,78,57,36,29.97,29.89,29.86,10,10,10,13,5,21,0,1,,322
08/05/13,78,70,62,51,47,40,67,48,29,30.06,30.03,29.98,10,10,10,10,3,16,0,0,,289
08/06/13,82,73,64,58,54,49,73,54,35,30.13,30.09,30.05,10,10,10,9,3,17,0,2,,55
08/07/13,80,75,70,67,62,59,79,65,51,30.16,30.12,30.07,10,10,10,13,5,22,T,7,,172
08/08/13,81,76,70,74,70,67,97,86,74,30.09,30.05,30.01,10,5,0,10,4,19,0.46,7,Fog-Rain,188
08/09/13,85,80,74,75,72,70,94,80,65,30.02,29.9,29.81,10,8,3,16,4,22,0.05,6,Rain,198
08/10/13,83,77,70,70,60,51,82,61,39,30.06,29.97,29.88,10,10,10,14,5,21,0,0,,305
08/11/13,81,73,65,63,54,49,68,52,36,30.13,30.08,30.04,10,10,10,9,3,14,0,4,,282
08/12/13,82,76,70,68,65,59,90,70,49,30.06,29.99,29.94,10,9,2,8,2,13,0.05,5,Rain,291
08/13/13,77,73,68,71,67,64,97,83,69,29.92,29.79,29.7,10,5,1,12,3,18,0.85,6,Rain,170
08/14/13,74,68,61,64,49,44,87,64,41,30.05,29.88,29.76,10,10,9,15,6,27,0,1,,317
08/15/13,78,69,59,52,48,42,72,52,31,30.15,30.11,30.06,10,10,10,10,4,16,0,1,,286
08/16/13,82,73,64,56,52,47,73,52,30,30.21,30.16,30.13,10,10,10,8,2,13,0,2,,210
08/17/13,84,74,64,58,53,50,68,51,34,30.28,30.25,30.22,10,10,10,8,2,11,0,1,,60
08/18/13,76,72,68,62,55,50,73,57,41,30.26,30.21,30.14,10,10,8,10,3,15,T,2,,44
08/19/13,79,73,66,64,59,56,79,64,48,30.13,30.08,30.04,10,10,8,9,3,17,T,0,,263
08/20/13,88,78,68,65,62,57,84,61,37,30.13,30.09,30.05,10,10,8,9,3,14,0,2,,273
08/21/13,90,81,72,66,62,56,73,54,34,30.18,30.12,30.06,10,10,8,8,3,14,0,0,,282
08/22/13,78,75,71,72,70,68,93,84,74,30.07,29.99,29.88,10,6,2,10,4,16,0.25,5,Rain,263
08/23/13,82,77,71,68,58,50,84,59,33,30.1,29.98,29.88,10,9,6,13,6,19,0,0,,23
08/24/13,80,73,65,58,51,43,68,48,28,30.35,30.27,30.12,10,10,10,14,5,20,0,1,,77
08/25/13,83,74,64,57,53,49,78,55,31,30.4,30.32,30.24,10,10,10,10,4,19,0,0,,279
08/26/13,84,76,68,69,59,53,93,70,46,30.24,30.07,29.92,10,10,6,14,6,22,0.04,3,Rain,253
08/27/13,87,79,71,68,66,64,90,69,48,29.91,29.87,29.83,10,10,8,12,5,17,0.01,4,Rain,348
08/28/13,86,79,71,72,70,65,93,76,58,29.93,29.89,29.86,10,4,0,9,3,14,0.43,3,Fog-Rain,58
08/29/13,80,76,71,70,67,63,93,78,62,30.05,29.99,29.9,10,7,2,12,5,18,T,6,Rain,69
08/30/13,85,78,70,68,65,63,84,66,48,30.04,29.95,29.87,10,9,7,13,4,20,0,4,,241
08/31/13,86,80,73,71,69,67,84,73,61,29.89,29.84,29.79,10,8,6,13,5,24,0,4,,250
09/01/13,84,80,75,72,70,69,87,76,65,29.89,29.84,29.8,10,9,6,10,2,17,0,3,,177
09/02/13,82,78,74,74,72,67,94,82,69,29.84,29.78,29.72,10,6,2,12,1,17,0.05,5,Rain,194
09/03/13,82,75,68,71,65,52,93,67,40,29.9,29.79,29.71,10,7,2,12,3,19,0.03,5,Rain,335
09/04/13,82,74,65,56,54,48,73,54,35,30.01,29.96,29.89,10,10,10,12,5,18,0,0,,273
09/05/13,80,72,64,57,48,38,68,48,27,30.16,30.01,29.94,10,10,10,13,6,19,0,1,,307
09/06/13,72,65,57,47,41,36,57,42,27,30.26,30.2,30.14,10,10,10,12,4,17,0,0,,334
09/07/13,80,70,59,53,47,42,67,48,28,30.14,30.03,29.91,10,10,10,10,3,14,0,1,,253
09/08/13,83,74,64,60,52,40,63,45,27,30.09,29.9,29.83,10,10,10,15,7,25,T,3,,337
09/09/13,73,65,57,58,48,40,68,51,34,30.25,30.19,30.1,10,10,10,12,4,17,0,1,,75
09/10/13,87,78,68,71,66,58,84,71,57,30.18,30.13,30.05,10,9,7,12,6,22,0.01,4,,239
09/11/13,96,87,77,73,71,70,79,64,49,30.12,30.06,29.98,9,6,4,12,4,21,0,0,,239
09/12/13,87,79,70,74,70,67,97,79,61,29.98,29.84,29.68,9,5,0,15,4,24,1.6,3,Fog-Rain,248
09/13/13,77,68,59,67,57,46,93,70,47,29.86,29.71,29.65,10,9,3,14,5,24,0.06,2,Rain,301
09/14/13,67,61,54,46,44,42,66,55,44,30.14,29.99,29.86,10,10,10,12,5,19,0,2,,290
09/15/13,73,62,51,51,44,38,77,54,31,30.22,30.15,30.09,10,10,10,9,4,14,0,0,,278
09/16/13,73,65,56,57,52,46,78,61,44,30.25,30.11,30.04,10,10,7,14,5,21,0.03,5,Rain,327
09/17/13,65,58,50,43,37,33,61,49,36,30.44,30.37,30.27,10,10,10,17,5,25,0,0,,45
09/18/13,72,62,51,50,43,39,69,51,33,30.36,30.28,30.2,10,10,10,9,3,15,0,0,,264
09/19/13,78,67,55,54,48,44,72,52,31,30.2,30.14,30.08,10,10,9,8,3,13,0,0,,256
09/20/13,79,70,60,57,54,53,78,60,42,30.09,30.05,30.01,10,10,8,9,3,16,0,0,,260
09/21/13,77,69,61,67,62,56,90,77,64,30.02,29.85,29.68,10,9,2,16,4,28,0.72,5,Rain,193
09/22/13,69,62,54,67,54,39,93,68,42,29.92,29.75,29.66,10,7,0,14,6,24,0.45,5,Fog-Rain,290
09/23/13,66,58,50,42,40,37,71,54,37,30.05,29.99,29.93,10,10,10,12,4,19,0,0,,351
09/24/13,73,60,47,42,40,39,76,54,31,30.06,29.98,29.88,10,10,10,12,4,17,0,0,,305
09/25/13,73,63,52,50,44,39,71,52,33,29.96,29.93,29.88,10,10,10,7,2,11,0,0,,27
09/26/13,71,65,58,55,53,51,80,69,57,30.11,30.03,29.95,10,10,10,10,4,16,0,5,,57
09/27/13,69,63,57,53,50,48,80,66,52,30.27,30.2,30.11,10,10,10,10,5,14,0,6,,54
09/28/13,73,65,56,52,50,47,83,62,41,30.33,30.28,30.24,10,10,10,12,5,17,0,1,,80
09/29/13,72,65,57,56,53,48,87,66,44,30.24,30.17,30.1,10,10,10,9,3,14,0,2,,63
09/30/13,75,66,56,53,51,46,86,62,38,30.09,30.04,29.98,10,10,7,12,3,17,0,0,,10
10/01/13,82,71,59,57,53,51,72,53,34,30.01,29.96,29.9,10,10,10,10,2,15,0,0,,282
10/02/13,83,74,64,59,56,52,68,56,43,30.02,29.96,29.91,10,10,9,13,4,21,0,0,,281
10/03/13,78,71,63,57,54,49,78,57,36,30.13,30.07,30.03,10,10,8,7,2,12,0,0,,271
10/04/13,86,76,66,66,61,55,84,65,45,30.07,30.02,29.97,10,8,5,9,3,14,T,2,Rain,337
10/05/13,76,70,64,62,61,60,87,74,60,30.13,30.07,30.03,8,6,4,8,4,14,0,5,,68
10/06/13,70,68,65,65,64,62,93,89,84,30.13,30.08,30.04,6,4,2,10,6,17,T,8,,129
10/07/13,76,68,60,69,64,48,90,77,64,30.05,29.92,29.78,10,7,2,15,6,29,0.25,7,Rain,199
10/08/13,67,61,54,45,42,38,71,55,39,30.33,30.21,30.02,10,10,10,13,6,19,0,0,,33
10/09/13,62,58,53,48,44,37,72,60,47,30.41,30.35,30.3,10,10,10,18,8,27,0,2,,66
10/10/13,65,60,54,54,49,45,77,70,62,30.3,30.2,30.08,10,10,10,16,9,25,T,7,Rain,63
10/11/13,68,64,60,59,55,49,90,71,52,30.12,30.06,30.02,10,10,2,17,9,25,0.02,7,Rain,66
10/12/13,72,66,60,54,46,35,72,50,27,30.31,30.19,30.08,10,10,10,21,11,29,0,5,,71
10/13/13,65,61,56,52,49,46,77,67,56,30.39,30.35,30.29,10,10,10,17,9,26,0,6,,73
10/14/13,66,59,52,50,47,44,83,66,48,30.4,30.33,30.25,10,10,10,8,2,12,0,2,,84
10/15/13,72,63,53,53,49,44,89,67,44,30.26,30.2,30.13,10,10,7,8,3,13,0,0,,78
10/16/13,67,62,56,58,54,49,86,75,63,30.12,30.04,29.93,10,10,6,8,3,12,0,6,,70
10/17/13,73,67,61,61,59,57,90,74,57,29.93,29.86,29.7,10,7,4,9,3,18,0.02,7,Rain,228
10/18/13,68,62,55,61,45,39,81,59,37,29.99,29.84,29.68,10,10,10,15,7,26,0,2,,277
10/19/13,64,58,52,54,45,39,80,60,40,29.99,29.89,29.76,10,10,10,10,3,20,0.01,3,,254
10/20/13,63,57,50,53,39,31,80,55,30,30.07,29.92,29.77,10,10,9,14,6,23,0,1,,275
10/21/13,66,58,50,45,37,33,62,46,29,30.15,30.08,30,10,10,10,10,4,19,0,0,,262
10/22/13,67,59,51,48,44,35,67,57,47,29.98,29.84,29.76,10,10,10,12,5,19,0,2,,259
10/23/13,55,50,45,39,35,31,66,55,44,29.82,29.73,29.63,10,10,10,14,4,21,0,3,,50
10/24/13,54,48,41,34,28,23,70,50,29,30.01,29.9,29.77,10,10,10,15,7,23,0,1,,280
10/25/13,53,47,40,32,28,23,70,51,32,30.23,30.12,30.02,10,10,10,15,5,23,0,2,,286
10/26/13,55,48,41,33,29,25,67,50,32,30.23,30.09,29.91,10,10,10,17,6,26,0,1,,239
10/27/13,58,52,46,31,29,27,53,42,30,30.13,29.97,29.86,10,10,10,13,5,22,0,2,,277
10/28/13,61,52,43,33,30,28,62,47,31,30.32,30.21,30.14,10,10,10,13,4,21,0,0,,294
10/29/13,56,50,44,32,30,28,54,46,38,30.42,30.38,30.33,10,10,10,10,5,14,0,3,,55
10/30/13,60,54,47,49,42,31,72,61,50,30.35,30.27,30.19,10,9,5,9,2,13,0,5,,291
10/31/13,66,60,53,59,55,48,90,79,67,30.23,30.06,29.81,10,6,2,13,4,23,0.06,7,Rain,160
11/01/13,70,65,59,62,57,50,87,69,51,29.78,29.64,29.56,10,8,1,23,5,43,0.13,4,Rain,265
11/02/13,68,62,55,55,44,36,87,62,37,29.78,29.68,29.63,10,10,9,10,4,18,0,3,,336
11/03/13,55,46,37,40,30,20,71,57,42,30.43,30.12,29.8,10,10,10,15,6,21,0,4,,356
11/04/13,46,41,35,23,16,12,47,37,27,30.66,30.6,30.47,10,10,10,15,6,24,0,0,,65
11/05/13,55,48,41,41,34,25,67,56,45,30.66,30.59,30.48,10,10,10,10,4,14,0,3,,82
11/06/13,61,55,49,51,44,40,80,65,49,30.49,30.32,30.07,10,10,10,9,4,19,0,3,,173
11/07/13,64,54,44,56,48,29,84,67,49,30.05,29.88,29.76,10,9,2,15,7,24,0.13,6,Rain,293
11/08/13,50,45,40,31,25,21,65,50,34,30.22,30.07,29.95,10,10,10,16,9,28,0,3,,290
11/09/13,50,44,38,33,26,22,59,46,32,30.29,30.19,30,10,10,10,13,5,23,0,1,,258
11/10/13,61,53,44,35,30,26,65,47,29,30.05,29.93,29.81,10,10,10,18,8,33,T,4,,269
11/11/13,53,48,43,30,26,22,49,42,35,30.21,30.1,29.97,10,10,10,16,6,26,0,4,,282
11/12/13,52,42,31,33,23,13,75,56,37,30.29,30.13,29.94,10,9,2,16,6,29,0.03,5,Rain-Snow,310
11/13/13,39,34,29,18,13,8,58,43,27,30.37,30.32,30.28,10,10,10,14,6,22,0,0,,290
11/14/13,52,43,33,19,15,11,51,35,19,30.25,30.21,30.16,10,10,10,17,8,31,0,0,,261
11/15/13,57,51,44,27,22,19,41,33,24,30.25,30.21,30.17,10,10,10,13,5,23,0,0,,239
11/16/13,60,53,45,46,40,27,83,61,38,30.33,30.29,30.23,10,9,6,12,3,17,0.05,3,Rain,252
11/17/13,60,56,51,57,53,46,93,85,77,30.3,30.08,29.8,8,4,2,10,4,16,0.03,8,Rain,102
11/18/13,65,58,51,60,44,22,93,60,26,29.82,29.68,29.6,10,8,2,20,7,31,0.22,4,Rain,259
11/19/13,51,44,36,26,22,19,48,42,36,30.35,30.08,29.79,10,10,10,20,9,31,0,3,,312
11/20/13,44,38,32,19,15,9,56,40,24,30.61,30.52,30.36,10,10,10,15,7,23,0,0,,38
11/21/13,52,44,35,40,31,18,66,55,44,30.62,30.52,30.4,10,10,10,10,5,14,0,5,,57
11/22/13,57,54,51,48,45,39,89,76,63,30.38,30.12,29.91,10,8,4,12,6,18,0.07,6,Rain,256
11/23/13,54,43,31,45,23,8,77,53,28,30.04,29.97,29.91,10,8,0,21,10,34,T,3,Fog-Snow,298
11/24/13,30,27,23,5,2,-4,44,34,24,30.36,30.19,30.01,10,10,10,25,12,43,0,1,,302
11/25/13,35,29,23,13,9,5,50,43,35,30.48,30.4,30.34,10,10,10,15,6,23,0,0,,271
11/26/13,47,40,33,45,27,14,92,65,37,30.33,30.18,29.8,10,7,2,12,4,21,0.51,7,Rain,90
11/27/13,62,49,35,58,46,18,93,73,52,29.73,29.48,29.36,10,6,1,20,10,37,1.98,8,Rain,276
11/28/13,35,33,30,16,10,6,53,43,32,30.48,30.22,29.78,10,10,10,22,7,39,0,3,,292
11/29/13,39,34,29,17,15,10,53,46,38,30.74,30.59,30.47,10,10,10,13,4,19,0,4,,320
11/30/13,39,32,25,28,17,9,64,51,38,30.76,30.63,30.38,10,10,10,12,5,16,0,3,,55
12/01/13,49,43,36,32,29,26,76,61,46,30.35,30.19,30.02,10,10,10,7,2,10,0,6,,306
12/02/13,49,45,41,37,34,27,82,68,53,30.01,29.95,29.89,10,8,6,8,3,11,0,4,,47
12/03/13,53,46,38,37,34,32,86,66,46,30.01,29.93,29.88,10,7,5,8,3,12,0,1,,353
12/04/13,52,47,41,42,36,32,73,64,54,30.16,30.1,30.02,7,6,4,8,3,12,0,4,,56
12/05/13,60,54,48,54,50,43,93,83,72,30.12,30.06,29.94,9,4,0,9,2,17,0.01,8,Fog-Rain,116
12/06/13,62,50,37,58,43,32,90,84,77,30.16,30.03,29.88,10,6,2,15,6,22,0.73,8,Rain,26
12/07/13,41,37,32,33,26,14,89,65,40,30.51,30.29,30.1,10,9,3,13,6,22,0.14,4,Rain,334
12/08/13,33,31,29,29,21,12,85,65,45,30.6,30.51,30.39,10,6,1,15,6,20,0.08,6,Rain-Snow,53
12/09/13,39,35,31,36,32,28,92,86,79,30.39,30.12,29.97,10,4,1,22,7,31,0.3,7,Rain-Snow,31
12/10/13,37,34,30,31,28,14,89,74,58,30.12,29.96,29.88,10,5,0,14,6,24,0.23,5,Fog-Snow,277
12/11/13,33,30,27,16,13,12,55,48,41,30.32,30.24,30.15,10,10,10,15,8,25,0,0,,260
12/12/13,30,27,23,14,6,3,57,47,37,30.36,30.26,30.16,10,10,10,16,7,26,0,1,,298
12/13/13,35,29,23,15,10,3,47,43,38,30.33,30.19,30.14,10,10,10,18,6,28,0,2,,267
12/14/13,34,28,22,31,21,15,88,66,43,30.51,30.28,29.81,10,3,0,21,10,31,0.73,7,Fog-Rain-Snow,68
12/15/13,40,35,30,34,28,19,92,72,52,29.84,29.64,29.51,10,8,2,21,9,28,0.72,7,Rain,316
12/16/13,33,29,25,20,10,5,56,46,35,30.23,30.07,29.84,10,10,10,17,8,26,0,1,,286
12/17/13,32,28,24,28,21,6,85,64,42,30.22,30.06,29.94,10,4,0,13,6,17,0.19,8,Fog-Rain-Snow,75
12/18/13,37,30,23,20,18,17,81,64,47,30.16,30.04,29.92,10,10,8,14,7,24,0,3,,296
12/19/13,47,39,30,27,22,18,63,52,41,30.18,30.11,30.03,10,10,9,15,5,24,0,0,,255
12/20/13,53,47,41,43,31,27,68,55,41,30.1,30.03,29.98,10,10,10,16,5,27,0,2,,254
12/21/13,65,58,51,52,47,44,77,67,56,30,29.95,29.9,10,10,9,16,8,26,0.01,1,,244
12/22/13,71,66,61,60,56,53,78,70,61,29.96,29.89,29.81,10,10,10,16,6,27,T,5,,215
12/23/13,64,53,42,58,52,29,93,80,67,30.16,30,29.88,10,6,2,17,5,28,0.51,8,Rain,279
12/24/13,42,34,26,27,19,5,72,56,40,30.34,30.18,30.09,10,10,10,18,8,29,T,3,,318
12/25/13,31,25,19,19,7,3,53,46,38,30.52,30.47,30.35,10,10,10,21,5,35,0,1,,295
12/26/13,36,33,30,24,20,17,64,58,51,30.44,30.29,30.17,10,10,10,14,5,23,T,5,,270
12/27/13,40,36,31,22,19,15,61,51,40,30.36,30.31,30.27,10,10,10,12,6,20,0,2,,276
12/28/13,55,46,36,26,23,20,52,41,29,30.27,30.16,30.07,10,10,10,16,7,27,0,1,,253
12/29/13,48,45,41,41,36,24,93,66,39,30.06,29.69,29.43,10,6,1,16,6,26,1.2,6,Rain,36
12/30/13,45,34,23,35,24,7,76,60,43,30.21,29.98,29.7,10,10,10,15,6,25,0,3,,289
12/31/13,32,27,21,20,10,5,63,51,38,30.28,30.15,30.06,10,10,8,17,6,28,T,3,,292
01/01/14,33,29,24,19,13,5,59,49,38,30.4,30.34,30.26,10,10,10,14,6,23,0,2,,314
01/02/14,33,26,18,23,20,14,84,70,56,30.22,29.98,29.68,10,7,0,21,12,28,0.33,8,Fog-Snow,58
01/03/14,18,14,9,12,1,-7,84,63,42,30.48,30.07,29.65,10,6,0,21,10,29,0.29,2,Snow,336
01/04/14,29,19,8,16,3,-5,66,51,35,30.53,30.41,30.3,10,10,10,9,5,20,0,0,,268
01/05/14,40,34,27,38,27,17,92,75,58,30.33,30.22,29.84,10,3,0,7,4,17,0.14,7,Fog-Rain,63
01/06/14,55,37,19,52,34,3,100,72,43,29.73,29.55,29.41,10,5,0,18,9,29,0.36,7,Fog-Rain,230
01/07/14,19,12,4,-8,-12,-16,49,42,35,30.38,30.14,29.78,10,10,10,23,13,38,0,0,,284
01/08/14,22,16,9,2,-3,-8,55,47,39,30.56,30.49,30.4,10,10,10,15,7,23,0,2,,285
01/09/14,32,27,22,14,8,2,57,45,33,30.65,30.59,30.5,10,10,10,12,3,16,0,1,,237
01/10/14,37,34,30,34,28,16,92,71,49,30.59,30.41,30.22,10,4,1,8,3,11,0.11,8,Rain-Snow,51
01/11/14,58,48,37,55,48,34,93,89,85,30.23,29.76,29.32,10,4,0,17,7,28,0.5,8,Fog-Rain,169
01/12/14,54,46,38,50,32,24,83,64,45,30.07,29.7,29.42,10,9,2,20,8,31,0.05,5,Rain,281
01/13/14,51,44,37,38,31,25,66,59,52,30.15,30.04,29.9,10,10,7,14,5,24,0,0,,197
01/14/14,52,48,44,45,41,36,93,75,56,29.88,29.77,29.55,10,8,2,13,5,22,0.38,6,Rain,236
01/15/14,45,40,34,40,37,34,93,85,66,29.85,29.85,29.85,8,8,8,4,4,,0,3,,270
01/16/14,41,38,35,39,30,26,93,73,61,29.98,29.93,29.86,10,10,10,5,5,,T,8,,340
01/17/14,45,39,32,28,23,16,75,60,45,,,,,,,,,,0,,,-1
01/18/14,39,34,28,34,26,18,100,70,56,,,,,,,,,,0.1,,,-1
01/19/14,36,31,25,21,16,10,75,60,44,,,,,,,,,,0,,,-1
01/20/14,45,40,34,28,22,18,64,52,40,,,,,,,,,,0,,,-1
01/21/14,33,23,12,16,10,3,100,68,35,,,,,,,,,,0,,,-1
01/22/14,18,13,7,3,-2,-6,67,55,42,,,,,,,,,,0.02,,,-1
01/23/14,19,14,9,3,-1,-6,63,53,43,,,,,,,,,,0,,,-1
01/24/14,19,15,10,0,-4,-9,55,42,28,,,,,,,,,,0,,,-1
01/25/14,28,24,19,20,10,0,81,62,42,29.63,29.49,29.45,10,6,0,17,8,30,0.04,5,Snow,237
01/26/14,34,26,17,19,5,-3,74,55,36,29.9,29.79,29.49,10,10,7,16,9,26,T,4,,264
01/27/14,44,33,21,25,14,-5,63,44,24,30.08,29.78,29.62,10,10,10,17,8,30,0,4,,286
01/28/14,21,17,12,-3,-8,-12,44,36,28,30.38,30.29,30.1,10,10,10,15,6,24,0,3,,306
01/29/14,23,19,14,8,-1,-8,80,54,28,30.3,30.18,30.1,10,8,2,15,6,23,0.04,2,Snow,287
01/30/14,30,23,16,10,2,-3,51,42,33,30.68,30.36,30.2,10,10,10,9,4,16,0,0,,246
01/31/14,39,32,25,14,11,8,55,43,30,30.24,30.16,30.1,10,10,10,14,5,21,0,5,,272
02/01/14,45,41,36,38,21,14,76,55,33,30.33,30.23,30.02,10,10,6,13,4,19,0,0,,173
02/02/14,56,48,39,36,34,31,85,64,43,30.08,29.97,29.92,10,8,5,10,3,15,T,3,,285
02/03/14,43,38,32,34,28,21,92,81,70,30.32,30.16,30.08,7,2,0,10,7,16,1.17,7,Fog-Rain-Snow,31
02/04/14,35,29,22,24,21,16,81,71,61,30.47,30.38,30.27,9,5,2,7,2,,0,2,,74
02/05/14,34,32,29,31,28,24,92,78,63,30.24,29.87,29.65,10,4,0,15,7,28,1.43,8,Fog-Rain-Snow,54
02/06/14,32,27,21,24,16,12,81,66,50,30.28,30.2,30,10,10,10,13,4,19,0,2,,291
02/07/14,32,28,24,16,13,10,63,53,43,30.33,30.27,30.22,10,10,9,15,7,24,0,0,,276
02/08/14,29,25,21,10,4,-2,50,41,31,30.34,30.25,30.15,10,10,10,12,5,17,0,2,,284
02/09/14,31,26,21,23,15,3,84,63,42,30.19,30.07,29.99,10,6,0,12,4,19,0.1,5,Fog-Snow,281
02/10/14,29,25,21,18,9,5,75,57,38,30.27,30.14,29.99,10,9,7,15,7,26,0,0,,304
02/11/14,26,21,16,7,3,1,59,48,36,30.48,30.36,30.27,10,10,10,14,5,20,0,0,,309
02/12/14,25,19,13,16,6,-2,65,52,39,30.57,30.46,30.3,10,10,10,14,6,19,0,2,,56
02/13/14,36,30,24,32,28,18,96,82,68,30.3,29.63,29.02,10,3,0,25,13,39,1.78,8,Fog-Rain-Snow,54
02/14/14,40,36,31,30,26,22,92,70,48,29.78,29.33,29.03,10,6,0,22,10,38,0.3,4,Fog-Rain-Snow,285
02/15/14,37,32,27,28,25,12,92,72,52,29.78,29.69,29.57,10,5,0,18,9,29,0.13,7,Fog-Snow,22
02/16/14,30,26,21,12,9,6,60,50,39,30.07,29.94,29.79,10,10,10,18,9,31,0,3,,292
02/17/14,32,25,18,6,2,-3,56,41,25,30.37,30.31,30.16,10,10,10,16,5,24,0,0,,289
02/18/14,39,33,26,31,23,8,92,67,42,30.26,30.09,29.96,10,6,0,16,5,30,0.16,5,Fog-Snow,37
02/19/14,45,40,34,40,32,18,92,70,47,30.1,29.88,29.7,10,6,1,16,5,26,0.26,4,Rain,194
02/20/14,51,44,37,37,29,23,92,63,33,30.25,30.14,30.04,10,7,2,14,5,20,0.03,4,Rain,34
02/21/14,49,43,36,45,36,32,96,82,67,30.06,29.89,29.67,10,4,0,21,7,32,0.09,7,Fog-Rain,63
02/22/14,54,47,40,32,24,17,70,47,24,30.05,29.99,29.93,10,10,10,17,7,29,0,0,,244
02/23/14,54,49,43,30,27,24,58,45,32,30.02,29.94,29.85,10,10,10,18,5,30,T,2,,272
02/24/14,44,36,27,27,13,5,57,43,29,30.08,29.92,29.81,10,10,10,17,9,28,0,3,,295
02/25/14,33,29,24,13,9,5,55,46,36,30.08,30.01,29.93,10,10,10,18,7,27,0,3,,290
02/26/14,31,26,20,21,10,-7,81,55,28,29.97,29.9,29.82,10,7,0,17,5,29,0.03,5,Snow,301
02/27/14,34,24,14,12,1,-16,50,39,28,30.1,29.79,29.62,10,10,6,21,8,39,0,3,,275
02/28/14,24,17,9,-1,-7,-13,42,34,26,30.43,30.34,30.14,10,10,10,15,5,25,0,0,,317
03/01/14,37,29,20,19,10,-2,52,42,32,30.42,30.3,30.16,10,10,10,12,4,16,0,3,,236
03/02/14,40,36,32,23,18,14,52,46,40,30.12,30.03,29.98,10,10,9,13,4,20,T,8,,298
03/03/14,32,25,17,18,5,-3,74,57,39,30.33,30.16,30.01,10,8,1,16,7,24,0.04,5,Snow,5
03/04/14,29,21,13,9,1,-4,58,44,29,30.43,30.33,30.26,10,10,10,13,5,19,0,1,,310
03/05/14,39,33,26,11,7,1,46,37,27,30.44,30.28,30.21,10,10,10,17,5,25,0,6,,11
03/06/14,31,24,16,10,4,-3,54,43,31,30.63,30.55,30.47,10,10,10,17,9,23,0,0,,65
03/07/14,37,32,26,29,21,11,75,61,46,30.49,30.21,29.92,10,10,10,16,8,22,0,8,,62
03/08/14,57,46,35,29,27,25,75,53,30,29.9,29.85,29.77,10,10,7,17,6,27,0,4,,305
03/09/14,44,40,36,26,15,8,54,39,24,30.01,29.96,29.89,10,10,7,15,6,22,0,3,,305
03/10/14,51,44,36,32,23,13,62,48,33,29.92,29.79,29.62,10,9,1,15,5,27,T,7,Snow,224
03/11/14,66,56,45,35,31,28,50,39,28,29.7,29.62,29.56,10,10,10,13,5,22,0,1,,274
03/12/14,56,44,32,50,42,29,89,68,47,29.67,29.24,29.03,10,6,2,20,5,35,0.35,6,Rain,68
03/13/14,32,26,19,21,3,-5,64,42,27,30.09,29.63,29.2,10,10,10,20,14,36,0,4,,308
03/14/14,46,34,22,24,10,-3,51,38,25,30.22,30.1,29.91,10,10,10,14,6,23,0,2,,204
03/15/14,58,50,42,27,24,19,45,35,24,30,29.83,29.76,10,10,10,21,9,33,0,3,,284
03/16/14,42,36,30,21,8,2,43,34,25,30.19,30.14,30.02,10,10,10,16,8,28,0,2,,315
03/17/14,35,29,23,10,3,-5,43,34,25,30.14,30.09,30.05,10,10,10,15,8,23,0,7,,33
03/18/14,43,36,28,23,9,0,64,42,19,30.3,30.24,30.13,10,10,10,20,7,25,0,0,,64
03/19/14,46,39,32,43,34,24,96,79,62,30.32,30.08,29.83,10,7,1,15,7,21,0.92,7,Rain,85
03/20/14,54,47,40,41,34,21,93,63,32,29.9,29.79,29.74,10,6,1,20,8,32,0,6,Rain,301
03/21/14,51,45,39,20,18,16,44,34,24,30.06,29.97,29.9,10,10,10,16,8,29,0,2,,294
03/22/14,63,52,41,36,27,18,61,42,23,30.04,29.89,29.76,10,10,10,18,7,32,0,2,,305
03/23/14,42,35,27,23,14,4,50,38,25,30.12,30.03,29.98,10,10,10,15,7,22,0,2,,314
03/24/14,35,28,21,4,2,0,45,35,24,30.24,30.18,30.11,10,10,10,15,7,27,0,0,,325
03/25/14,39,33,26,18,10,3,51,39,26,30.17,30.04,29.86,10,10,10,16,6,21,T,4,,97
03/26/14,36,30,24,17,7,-2,51,38,24,30.21,29.91,29.74,10,10,10,23,12,38,0,3,,325
03/27/14,44,33,22,22,9,3,50,35,19,30.42,30.33,30.25,10,10,10,14,7,26,0,0,,257
03/28/14,62,50,37,48,40,19,74,61,48,30.25,30.07,29.98,10,10,4,13,5,22,0.04,6,Rain,201
03/29/14,59,51,43,48,42,38,96,79,61,30.19,30.01,29.7,10,5,2,23,11,35,1.81,7,Rain,67
03/30/14,49,44,39,47,41,34,100,88,76,29.69,29.58,29.48,10,6,1,21,10,30,0.35,8,Rain,40
03/31/14,56,46,36,34,31,25,92,65,38,30.09,29.88,29.69,10,10,5,13,8,22,0.16,5,Rain-Snow,10
04/01/14,60,50,39,32,27,24,58,46,33,30.13,30.07,29.99,10,10,10,17,5,24,0,0,,321
04/02/14,54,48,42,42,37,31,76,67,58,30.14,30.08,30.06,10,10,8,9,2,14,0,2,,199
04/03/14,67,57,46,42,29,17,82,49,15,30.14,30.07,30.01,10,10,6,10,4,15,0.07,1,Rain,106
04/04/14,47,44,40,41,36,33,92,79,65,30.09,29.96,29.78,10,6,1,15,8,23,0.21,8,Rain,107
04/05/14,54,47,40,39,31,21,89,61,32,30.07,29.85,29.73,10,9,3,20,8,36,0,5,Rain,306
04/06/14,61,49,36,28,21,15,56,37,17,30.21,30.16,30.09,10,10,10,13,4,18,0,0,,268
04/07/14,53,48,43,42,37,21,92,62,32,30.23,30,29.72,10,5,1,16,6,23,0.52,5,Rain,92
04/08/14,64,55,46,54,44,31,93,65,36,29.73,29.53,29.41,10,5,0,17,7,30,0.34,6,Fog-Rain,312
04/09/14,61,53,45,33,26,12,65,44,23,30.04,29.76,29.63,10,10,10,17,7,31,0,0,,306
04/10/14,58,50,42,35,22,12,47,36,24,30.22,30.11,30.04,10,10,10,16,7,28,0,0,,215
04/11/14,75,66,56,48,40,30,67,49,31,30.04,29.99,29.94,10,10,10,13,6,22,0,1,,256
04/12/14,73,62,50,48,38,27,83,51,19,30.23,30.14,30.02,10,10,10,14,4,21,0,2,,252
04/13/14,77,66,54,53,46,29,77,55,33,30.21,30.11,29.97,10,10,8,15,6,23,0,2,,178
04/14/14,75,67,59,55,53,50,78,62,46,30.04,29.95,29.86,10,10,10,17,7,29,0,1,,181
04/15/14,63,48,33,57,48,31,93,86,79,29.93,29.73,29.53,10,6,2,17,9,30,0.71,7,Rain-Snow,233
04/16/14,49,40,31,31,20,13,70,48,26,30.57,30.25,29.93,10,8,1,16,8,31,0.05,3,Rain-Snow,345
04/17/14,48,42,36,30,24,16,65,51,37,30.74,30.66,30.59,10,10,10,17,8,22,0,1,,70
04/18/14,49,42,35,33,28,26,70,58,46,30.61,30.46,30.27,10,10,10,14,5,20,0,3,,84
04/19/14,68,55,41,35,27,17,70,44,17,30.35,30.26,30.22,10,10,10,16,6,21,0,0,,1
04/20/14,60,53,45,33,26,19,60,42,24,30.5,30.43,30.34,10,10,10,16,6,25,0,0,,79
04/21/14,67,54,41,40,30,21,63,41,19,30.31,30.1,29.89,10,10,10,13,4,18,0,0,,110
04/22/14,71,61,51,52,46,41,77,58,38,29.87,29.65,29.51,10,10,7,13,6,21,0.01,2,Rain,232
04/23/14,61,53,44,46,36,28,63,50,36,29.83,29.62,29.5,10,10,10,21,9,36,0,6,,304
04/24/14,62,52,42,29,16,9,53,33,12,30.03,29.9,29.84,10,10,10,18,9,31,0,0,,311
04/25/14,63,54,44,39,23,17,61,41,20,30.05,29.96,29.78,10,10,10,16,5,23,0.02,1,Rain,85
04/26/14,67,57,46,49,44,38,93,65,37,29.9,29.77,29.7,10,6,2,14,5,21,0.92,7,Rain,68
04/27/14,59,53,47,37,33,30,60,49,38,30.13,29.99,29.88,10,10,10,16,6,22,0,4,,306
04/28/14,67,56,45,38,33,25,65,44,22,30.13,30.08,30.01,10,10,10,14,4,20,0,0,,107
04/29/14,52,48,43,39,37,35,82,68,54,30.42,30.33,30.16,10,10,9,16,9,26,0.03,7,Rain,116
04/30/14,52,47,41,48,43,36,93,85,76,30.42,30.26,29.99,10,3,1,18,8,26,4.97,8,Rain,82
05/01/14,78,65,51,61,54,45,97,64,31,30,29.83,29.67,10,5,0,13,5,20,0.12,7,Fog-Rain,186
05/02/14,70,63,56,50,39,32,77,52,27,29.86,29.77,29.72,10,10,10,16,4,26,T,4,,289
05/03/14,71,63,54,49,40,33,77,54,30,29.88,29.82,29.75,10,9,2,12,3,19,0.08,3,Rain,215
05/04/14,65,60,54,48,36,22,77,50,22,29.79,29.73,29.65,10,10,10,21,8,34,0.02,4,,283
05/05/14,70,60,50,35,29,20,56,37,18,29.9,29.85,29.81,10,10,10,16,7,28,0,1,,306
05/06/14,71,62,52,35,28,24,47,34,20,30.07,29.94,29.88,10,10,10,13,4,22,0,3,,4
05/07/14,69,60,50,40,31,26,47,35,22,30.24,30.18,30.1,10,10,10,13,4,20,0,0,,329
05/08/14,59,56,53,54,51,40,93,72,51,30.21,30.17,30.1,10,4,1,8,5,,0.41,8,Rain,81
05/09/14,63,59,55,61,56,52,93,89,84,30.22,30.13,30.01,6,3,1,13,3,17,0.04,8,Rain,102
05/10/14,83,70,57,65,60,56,97,74,51,29.99,29.91,29.83,10,4,0,17,5,31,0.37,6,Fog-Rain,232
05/11/14,82,71,60,60,43,32,87,53,19,30.08,30.01,29.87,10,10,4,13,3,19,0.03,1,Rain,280
05/12/14,85,75,64,59,52,45,58,48,37,30.12,30.07,30.03,10,10,10,10,2,18,0,2,,228
05/13/14,73,63,53,61,47,41,76,56,35,30.3,30.18,30.01,10,10,5,20,7,28,0,0,,89
05/14/14,71,62,52,56,50,42,87,71,55,30.34,30.28,30.24,10,9,4,10,5,16,0.01,6,,76
05/15/14,71,65,58,64,60,55,97,88,78,30.26,30.2,30.09,9,4,1,13,5,22,0.15,8,Rain,134
05/16/14,68,63,58,65,63,57,93,90,87,30.08,29.91,29.82,10,4,1,16,6,31,1.54,8,Rain,192
05/17/14,70,62,53,56,44,37,87,60,32,30.11,29.99,29.84,10,10,10,13,5,20,0,1,,285
05/18/14,67,59,51,41,35,30,63,47,30,30.2,30.15,30.11,10,10,10,12,6,19,0,2,,334
05/19/14,72,61,49,38,33,29,50,37,23,30.22,30.14,30.06,10,10,10,14,5,28,0,2,,292
05/20/14,78,66,53,42,37,31,59,39,18,30.14,30.05,29.97,10,10,10,13,3,22,0,1,,302
05/21/14,74,69,63,53,48,42,63,51,39,30,29.95,29.9,10,10,9,10,3,15,0,5,,270
05/22/14,67,63,59,61,57,55,97,83,68,29.9,29.86,29.82,10,3,1,10,3,15,0.24,8,Rain,128
05/23/14,71,64,56,61,56,53,93,78,63,29.98,29.9,29.85,10,4,0,13,4,19,0.91,8,Fog-Rain,63
05/24/14,70,64,57,58,55,52,93,73,53,30.11,30.02,29.93,10,7,1,12,4,14,0.4,7,Rain,335
05/25/14,80,68,55,56,51,41,93,59,25,30.13,30.07,30.01,10,8,3,10,2,16,0,1,,255
05/26/14,86,76,66,52,48,44,49,37,25,30.05,29.98,29.89,10,10,10,14,5,21,0,0,,264
05/27/14,86,75,64,63,57,52,64,51,37,29.9,29.84,29.76,10,10,8,16,4,29,T,1,,271
05/28/14,64,59,54,56,50,44,87,77,66,30.2,29.98,29.82,10,9,6,16,8,22,0,7,,76
05/29/14,66,59,51,46,42,39,71,61,51,30.26,30.2,30.16,10,10,10,13,4,20,0,5,,77
05/30/14,75,65,55,52,47,38,67,54,41,30.15,30.07,29.98,10,10,9,16,2,21,T,4,,113
05/31/14,73,65,57,55,48,42,72,55,38,30.3,30.17,30.08,10,9,2,20,6,28,0.05,3,Rain,44
06/01/14,77,66,55,46,39,33,66,44,21,30.37,30.31,30.26,10,10,10,10,4,18,0,0,,235
06/02/14,80,70,59,56,48,39,55,45,35,30.27,30.15,30.02,10,10,10,10,4,19,0,0,,230
06/03/14,87,76,65,70,62,53,93,69,45,30.03,29.9,29.82,10,7,1,13,4,22,0.12,2,Rain,215
06/04/14,82,73,63,63,61,60,93,72,51,29.88,29.81,29.74,10,6,3,10,4,16,0,3,,59
06/05/14,76,69,61,63,60,47,93,67,41,29.81,29.7,29.65,10,5,1,13,6,20,0.87,7,Rain,45
06/06/14,76,69,61,50,48,46,64,51,38,29.95,29.87,29.8,10,10,10,10,5,20,0,4,,291
06/07/14,82,71,60,55,52,50,72,54,35,30.01,29.97,29.92,10,10,10,9,3,15,0,0,,296
06/08/14,86,76,66,59,54,51,73,53,32,29.96,29.92,29.88,10,10,10,13,3,19,0,0,,245
06/09/14,73,68,63,65,62,50,100,72,44,29.98,29.96,29.9,10,3,0,9,4,15,1.6,8,Fog-Rain,88
06/10/14,77,71,65,68,65,62,93,84,74,30,29.96,29.93,9,5,1,8,3,11,0,7,,64
06/11/14,70,66,61,66,59,56,90,78,66,30.15,30.08,30,10,9,5,16,7,23,0.02,7,Rain,69
06/12/14,73,67,60,67,62,56,97,88,78,30.12,30.03,29.93,10,6,2,10,6,15,0.07,8,Rain,65
06/13/14,79,72,65,68,65,63,100,86,71,29.95,29.84,29.75,10,4,0,9,4,17,1.28,7,Fog-Rain,68
06/14/14,74,67,60,67,60,45,93,69,44,30.04,29.87,29.78,10,6,1,14,5,26,0,5,,301
06/15/14,80,70,59,54,51,49,72,56,39,30.1,30.07,30.04,10,10,10,12,4,18,0,0,,303
06/16/14,81,72,63,58,56,54,78,59,39,30.18,30.11,30.06,10,10,10,12,3,18,0,0,,165
06/17/14,89,80,71,69,63,58,68,57,46,30.06,30,29.88,10,9,7,9,4,16,0,1,,258
06/18/14,89,83,76,68,62,55,67,51,35,29.97,29.89,29.81,10,10,8,14,6,24,0,0,,304
06/19/14,77,73,68,68,63,60,93,77,60,30.04,29.99,29.94,10,9,2,10,4,17,0.15,4,Rain,13
06/20/14,79,72,64,64,47,39,84,55,26,30.02,29.97,29.9,10,10,9,12,4,19,0,0,,23
06/21/14,78,70,62,52,48,42,60,46,32,29.99,29.94,29.89,10,10,10,13,5,18,0,0,,78
06/22/14,79,72,64,58,53,48,78,58,38,30.04,29.97,29.92,10,10,10,9,2,15,0,3,,70
06/23/14,81,73,65,58,56,53,73,60,46,30.15,30.11,30.05,10,10,10,12,3,19,0,1,,217
06/24/14,81,75,68,61,58,53,70,58,45,30.18,30.11,30.03,10,10,10,12,5,20,0,1,,196
06/25/14,85,78,70,70,68,60,90,76,61,30.04,29.94,29.84,10,9,5,12,5,24,0.08,5,Rain,212
06/26/14,85,78,70,69,67,62,93,74,54,29.97,29.86,29.81,10,9,2,13,5,17,0.07,5,Rain,307
06/27/14,83,75,67,65,60,55,79,61,43,30.23,30.1,29.99,10,10,10,13,3,18,0,4,,93
06/28/14,87,77,66,59,55,48,68,48,27,30.28,30.25,30.23,10,10,10,12,3,20,0,0,,258
06/29/14,83,76,68,63,55,50,68,55,42,30.27,30.2,30.13,10,10,10,12,3,18,0,0,,214
06/30/14,84,77,69,66,62,51,84,66,47,30.12,30.04,29.95,10,10,10,10,3,20,0,1,,224
07/01/14,89,81,72,70,67,60,84,70,55,29.97,29.89,29.82,10,10,10,14,5,23,0,1,,214
07/02/14,91,82,72,75,71,66,93,73,52,30,29.9,29.83,10,6,0,15,4,26,0.96,4,Fog-Rain,98
07/03/14,87,78,69,74,71,66,97,81,65,30.05,29.96,29.88,8,4,0,12,3,25,1.78,4,Fog-Rain,262
07/04/14,74,70,65,70,64,50,97,75,53,30.01,29.97,29.91,10,6,2,14,5,25,0.14,6,Rain,11
07/05/14,81,72,63,52,49,47,60,46,32,30.15,30.1,30.02,10,10,10,15,7,24,0,0,,284
07/06/14,84,75,66,59,54,51,58,46,34,30.1,30.02,29.93,10,10,10,17,5,23,0,0,,262
07/07/14,90,81,72,66,63,60,73,56,38,29.94,29.82,29.73,10,10,9,14,6,25,0.04,2,,245
07/08/14,91,81,71,70,67,62,93,69,44,29.9,29.79,29.68,10,7,1,15,5,33,0.39,2,Rain,221
07/09/14,88,80,71,69,65,59,84,62,40,29.96,29.87,29.78,10,9,1,13,4,20,0.09,2,Rain,266
07/10/14,83,78,72,65,61,60,73,60,47,30.14,30.08,29.96,10,10,10,10,3,17,0,2,,40
07/11/14,86,79,71,63,58,53,68,53,37,30.22,30.18,30.13,10,10,10,10,4,14,0,2,,35
07/12/14,85,78,71,64,60,56,73,58,42,30.23,30.19,30.13,10,10,8,10,3,20,0,1,,197
07/13/14,83,78,72,71,67,58,87,72,57,30.13,30.02,29.9,10,9,2,9,5,16,0.03,3,Rain,189
07/14/14,84,78,72,73,71,70,100,85,69,29.91,29.87,29.83,8,4,1,12,5,21,0.46,7,Rain,194
07/15/14,86,79,72,74,71,69,94,82,70,29.85,29.79,29.74,7,4,0,13,3,19,1.3,6,Fog-Rain,230
07/16/14,81,75,68,70,65,53,93,68,42,29.89,29.8,29.75,10,6,2,10,4,16,T,5,,288
07/17/14,81,74,67,59,54,49,73,56,38,30.11,29.98,29.88,10,10,10,10,4,16,0,2,,340
07/18/14,81,73,64,57,53,50,73,55,36,30.23,30.19,30.12,10,10,10,9,4,,0,0,,44
07/19/14,76,72,68,63,56,48,78,63,47,30.25,30.23,30.22,10,10,10,7,5,,0,0,,60
07/20/14,78,72,66,63,59,53,81,65,49,30.15,30.13,30.11,10,10,10,12,4,15,T,0,,77
07/21/14,85,76,67,63,61,57,81,61,40,30.22,30.17,30.13,10,10,9,8,2,14,0,1,,350
07/22/14,86,79,71,67,64,59,69,60,51,30.18,30.12,30.05,10,10,9,12,4,20,0,1,,209
07/23/14,88,80,72,72,68,62,93,75,57,30.03,29.9,29.77,10,9,1,16,5,25,0.19,3,Rain,247
07/24/14,80,75,70,69,61,52,84,65,46,29.91,29.86,29.8,10,10,10,10,5,16,0,5,,45
07/25/14,82,74,66,59,54,50,63,49,35,30.03,29.99,29.93,10,10,10,99,99,99,0,1,,28
07/26/14,81,75,69,66,62,56,79,65,51,30.01,29.95,29.9,10,10,10,9,4,18,0,2,,240
07/27/14,85,78,71,71,67,62,93,72,51,29.89,29.76,29.64,10,9,6,12,3,17,0.02,3,Rain,240
07/28/14,82,75,68,72,65,56,90,68,45,29.7,29.58,29.52,10,8,2,16,7,28,0.19,5,Rain,247
07/29/14,76,70,64,55,51,48,68,55,41,29.98,29.86,29.71,10,10,10,14,5,22,0,2,,296
07/30/14,80,72,63,57,52,45,73,52,30,30.04,30.01,29.97,10,10,10,10,3,14,0,2,,286
07/31/14,82,75,68,64,58,53,69,59,48,30.14,30.09,30.05,10,10,9,12,3,20,0,3,,229
08/01/14,84,78,71,68,65,60,79,69,58,30.21,30.18,30.15,10,8,6,12,4,20,0,2,,250
08/02/14,74,69,63,65,62,58,93,77,61,30.21,30.17,30.11,10,7,2,17,6,24,0.41,6,Rain,70
08/03/14,76,71,66,65,63,61,93,77,60,30.15,30.11,30.04,10,6,2,9,2,12,0.07,6,Rain,81
08/04/14,84,77,70,66,65,62,84,68,51,30.09,30.06,30.02,10,10,6,9,3,15,0,4,,260
08/05/14,90,81,71,65,62,56,73,54,34,30.06,29.98,29.91,10,10,10,12,2,16,0,0,,295
08/06/14,83,77,70,63,59,54,73,55,37,29.91,29.88,29.83,10,10,9,15,3,23,0,0,,350
08/07/14,83,75,66,56,51,46,63,47,30,30.02,29.94,29.9,10,10,10,13,4,22,0,1,,314
08/08/14,83,74,65,55,52,49,67,50,33,30.11,30.06,30.02,10,10,10,9,3,14,0,1,,303
08/09/14,87,77,66,58,53,47,68,48,27,30.13,30.09,30.06,10,10,10,9,3,15,0,0,,38
08/10/14,88,78,68,62,56,52,78,55,31,30.14,30.11,30.09,10,10,10,8,3,14,0,1,,62
08/11/14,87,79,71,64,58,54,73,54,34,30.14,30.12,30.09,10,10,10,9,3,19,0,1,,248
08/12/14,79,75,70,70,66,62,90,77,64,30.09,30,29.87,10,9,2,15,6,26,0.19,6,Rain,152
08/13/14,82,75,68,68,66,62,93,74,54,29.9,29.74,29.65,10,6,1,16,6,30,0.53,7,Rain,72
08/14/14,77,70,63,58,51,48,68,52,36,29.92,29.85,29.79,10,10,10,13,5,20,0,1,,277
08/15/14,73,67,61,51,48,45,64,53,41,29.99,29.94,29.89,10,10,10,13,5,20,0,4,,288
08/16/14,78,71,63,54,51,46,63,50,36,30.04,29.97,29.91,10,10,10,10,4,23,0,0,,264
08/17/14,82,74,66,62,55,50,76,58,39,29.91,29.86,29.81,10,10,9,12,4,20,0.01,3,,242
08/18/14,81,72,63,55,52,50,72,54,36,29.93,29.88,29.83,10,10,10,9,5,17,0,1,,323
08/19/14,83,73,63,64,58,54,79,64,48,29.96,29.9,29.86,10,10,2,9,4,14,0,1,,68
08/20/14,84,77,70,64,60,53,79,60,40,30.04,29.99,29.94,10,10,9,10,2,14,0,2,,165
08/21/14,83,74,65,66,62,55,90,70,50,30.09,30.04,30.01,10,9,2,12,4,19,0.35,4,Rain,200
08/22/14,79,72,65,66,62,55,93,75,56,30.08,30.04,30.01,10,8,2,10,5,14,0.06,7,Rain,102
08/23/14,77,72,67,63,59,54,81,65,49,30.15,30.09,30.04,10,10,10,13,5,18,0.01,6,,66
08/24/14,80,72,64,61,58,55,78,62,45,30.16,30.13,30.1,10,10,10,10,3,16,0,1,,47
08/25/14,88,76,64,61,58,55,84,59,34,30.18,30.14,30.11,10,10,10,10,3,14,0,0,,288
08/26/14,89,80,70,66,62,57,84,60,36,30.17,30.13,30.08,10,10,7,7,2,14,0,0,,60
08/27/14,90,80,70,66,62,47,78,58,38,30.09,29.97,29.86,10,10,9,10,3,19,0,1,,309
08/28/14,82,74,66,67,54,44,74,54,33,30.07,29.92,29.85,10,10,10,13,5,21,0,1,,332
08/29/14,80,71,61,53,50,47,72,54,35,30.25,30.17,30.08,10,10,10,12,3,18,0,0,,121
08/30/14,80,73,65,64,59,53,73,59,45,30.28,30.22,30.16,10,10,10,8,2,17,0,5,,0
08/31/14,90,82,73,73,69,63,94,73,52,30.16,30.06,29.96,10,7,0,15,3,29,0.62,6,Fog-Rain,246
09/01/14,88,82,75,72,70,68,87,71,55,30.02,29.97,29.91,10,10,8,10,3,15,0,4,,247
09/02/14,92,85,77,72,69,64,82,62,41,29.94,29.87,29.8,10,10,9,15,5,35,0,1,,255
09/03/14,86,79,72,66,58,51,68,50,32,30.11,29.99,29.83,10,10,10,13,3,21,0,0,,276
09/04/14,87,78,69,63,58,53,66,51,35,30.19,30.15,30.12,10,10,10,10,3,19,0,0,,0
09/05/14,87,80,72,73,69,62,90,76,61,30.2,30.12,30.02,10,9,5,10,3,17,0,3,,243
09/06/14,91,79,67,73,69,61,82,67,52,30,29.93,29.83,10,8,2,13,5,22,0.11,3,Rain,255
09/07/14,81,73,65,65,56,46,81,59,36,30.2,30.07,29.97,10,10,10,12,5,17,0,2,,32
09/08/14,75,70,65,59,53,47,70,56,41,30.32,30.28,30.2,10,10,10,14,8,21,0,0,,76
09/09/14,73,68,63,60,57,51,73,66,58,30.29,30.23,30.15,10,10,10,15,8,23,0,7,,72
09/10/14,80,72,63,61,57,53,78,62,46,30.17,30.1,30.03,10,10,10,14,6,18,0,4,,65
09/11/14,83,76,69,67,63,55,78,68,57,30.06,29.93,29.81,10,10,10,12,5,21,0,6,,225
09/12/14,78,70,62,53,50,47,65,53,41,30.19,30.09,29.97,10,10,10,12,5,18,0,2,,37
09/13/14,69,64,58,61,56,47,93,75,56,30.21,30.15,30.1,10,7,1,12,5,18,0.26,7,Rain,59
09/14/14,71,62,53,51,46,42,77,57,37,30.31,30.22,30.17,10,10,10,10,3,17,0,1,,19
09/15/14,71,63,55,51,44,39,72,53,33,30.25,30.17,30.08,10,10,10,9,3,14,0,0,,250
09/16/14,70,64,58,60,55,49,93,73,52,30.07,30.02,29.96,10,6,1,9,2,16,0.37,7,Rain,29
09/17/14,73,64,55,50,45,40,77,55,33,30.07,30.01,29.96,10,10,10,9,3,12,0,0,,302
09/18/14,76,67,57,52,47,41,80,56,31,30.11,30.01,29.96,10,10,10,13,3,20,0,1,,8
09/19/14,66,60,54,48,45,37,72,58,44,30.38,30.3,30.13,10,10,10,16,8,23,0,3,,63
09/20/14,75,66,57,63,56,47,80,67,53,30.34,30.23,30.06,10,10,9,12,3,21,0,4,,163
09/21/14,75,71,67,67,66,62,93,83,73,30.05,29.86,29.61,10,4,1,9,2,16,0.15,7,Rain,280
09/22/14,71,63,55,66,49,38,73,55,37,30.17,29.87,29.64,10,10,7,15,7,23,T,3,Rain,291
09/23/14,71,62,52,52,42,38,67,50,33,30.41,30.3,30.19,10,10,10,8,2,16,0,0,,306
09/24/14,71,65,58,55,53,49,80,65,49,30.56,30.51,30.43,10,10,10,14,6,19,0,1,,63
09/25/14,64,61,57,58,54,50,90,75,60,30.47,30.35,30.22,10,8,2,16,8,23,0.32,7,Rain,58
09/26/14,77,68,58,53,51,48,80,59,38,30.22,30.19,30.15,10,10,10,13,4,20,0,0,,36
09/27/14,83,72,60,57,54,51,84,59,34,30.23,30.19,30.16,10,10,8,9,3,14,0,0,,345
09/28/14,84,74,64,60,58,55,78,59,40,30.18,30.11,30.01,10,10,9,9,2,15,0,0,,255
09/29/14,79,73,67,59,58,55,73,59,45,30,29.95,29.91,10,10,9,9,1,14,0,1,,273
09/30/14,71,67,62,62,58,55,78,70,61,30,29.96,29.92,10,9,6,13,5,17,T,8,Rain,67
10/01/14,65,63,61,60,57,55,90,82,73,30.11,30.02,29.93,10,8,2,14,6,18,0.02,8,Rain,55
10/02/14,70,66,61,57,54,53,84,72,59,30.18,30.12,30.01,10,10,9,13,5,16,0,8,,62
10/03/14,71,64,56,54,51,45,80,61,42,30.15,30.02,29.86,10,10,10,10,4,20,0,3,,72
10/04/14,69,61,52,66,58,34,93,70,46,29.84,29.64,29.5,10,6,0,16,7,27,1.18,7,Fog-Rain,238
10/05/14,61,54,46,37,34,31,58,48,38,30,29.85,29.71,10,10,10,15,6,23,0,0,,279
10/06/14,69,60,50,52,45,36,71,54,37,30.08,30.04,30.01,10,10,10,15,4,24,0,0,,186
10/07/14,71,67,63,60,54,49,81,64,47,30.06,30.01,29.92,10,10,6,10,5,21,0.06,4,Rain,210
10/08/14,73,68,62,62,52,38,87,62,37,29.95,29.84,29.8,10,10,4,15,7,26,0.04,4,Rain,268
10/09/14,68,62,55,40,37,35,55,44,32,30.06,30,29.95,10,10,10,18,6,32,0,0,,276
10/10/14,64,58,52,43,38,35,54,46,37,30.14,30.09,30.05,10,10,10,7,2,11,T,4,,291
10/11/14,60,55,50,50,48,42,89,71,53,30.18,30.09,30.05,10,6,2,10,5,17,0.33,7,Rain,52
10/12/14,63,56,48,46,40,33,86,60,34,30.32,30.26,30.17,10,10,9,13,3,19,0,0,,33
10/13/14,65,59,52,60,53,42,93,77,60,30.34,30.3,30.24,10,7,2,8,3,16,0.05,7,Rain,170
10/14/14,76,70,63,63,62,61,93,77,60,30.25,30.19,30.12,10,9,4,13,5,23,0,5,,170
10/15/14,77,73,69,67,66,63,90,80,69,30.12,29.98,29.84,10,7,0,14,5,25,0.69,8,Fog-Rain,170
10/16/14,71,66,61,68,62,52,93,75,57,29.85,29.74,29.68,10,6,0,13,4,19,1.11,6,Fog-Rain,205
10/17/14,71,65,59,54,51,47,78,61,44,29.76,29.7,29.67,10,10,7,14,5,23,0,3,,248
10/18/14,70,63,56,54,48,40,78,61,44,29.72,29.63,29.57,10,10,9,15,6,23,0,6,,279
10/19/14,56,50,44,42,32,24,61,48,35,30.07,29.9,29.72,10,10,10,17,8,28,0,4,,309
10/20/14,60,51,42,44,33,26,62,51,40,30.13,30.04,29.96,10,10,6,12,4,19,0,0,,264
10/21/14,67,61,55,54,50,41,93,71,48,29.96,29.89,29.83,10,9,2,12,4,18,0.11,5,Rain,115
10/22/14,58,54,50,54,50,47,93,85,77,29.96,29.86,29.74,10,6,2,18,9,30,1.51,8,Rain,34
10/23/14,53,52,50,48,46,43,89,78,66,29.81,29.74,29.7,10,8,2,12,8,25,0.61,8,Rain,3
10/24/14,63,57,51,46,43,38,72,60,47,29.84,29.8,29.76,10,10,10,12,4,19,0,5,,305
10/25/14,67,59,50,44,39,35,55,48,40,29.87,29.76,29.56,10,10,10,13,6,26,0.01,1,,277
10/26/14,63,58,53,48,37,33,67,52,36,29.83,29.67,29.55,10,10,7,18,8,32,T,5,Rain,292
10/27/14,63,56,48,37,36,34,61,49,36,30.03,29.96,29.84,10,10,10,13,5,21,0,0,,268
10/28/14,72,63,53,55,47,35,72,58,43,30.05,29.99,29.91,10,10,10,12,3,20,0,0,,268
10/29/14,72,62,51,56,51,40,83,61,39,29.95,29.89,29.83,10,9,6,14,5,24,T,2,Rain,270
10/30/14,59,53,47,45,38,33,86,63,40,30.03,29.98,29.94,10,10,7,10,4,41,0,1,,293
10/31/14,55,50,45,44,37,31,80,65,50,30.03,29.95,29.87,10,10,6,15,6,23,0.05,7,Rain,60
11/01/14,47,45,42,43,38,35,83,74,65,29.88,29.82,29.77,10,9,4,21,9,31,0.35,8,Rain,31
11/02/14,48,45,41,36,25,15,76,54,31,30.04,29.87,29.76,10,10,10,21,11,36,0,4,,336
11/03/14,61,50,39,26,23,16,59,38,17,30.15,30.1,30.05,10,10,10,16,6,26,0,2,,272
11/04/14,68,61,53,37,27,20,39,30,21,30.17,30.11,30.02,10,10,10,13,5,22,0,2,,257
11/05/14,64,60,56,41,36,27,55,40,25,30.14,30.09,30,10,10,10,14,4,21,0,0,,265
11/06/14,57,53,48,49,46,34,93,67,40,30.11,29.81,29.6,10,4,2,9,3,15,0.37,7,Rain,355
11/07/14,53,47,40,45,34,25,86,67,48,29.95,29.7,29.57,10,10,7,17,7,31,0,5,,301
11/08/14,48,42,36,31,26,21,64,51,38,30.04,29.97,29.92,10,10,10,16,6,22,0,1,,253
11/09/14,57,52,46,35,32,30,65,51,36,30.02,29.95,29.9,10,10,10,14,3,22,0,3,,256
11/10/14,61,53,44,44,35,29,66,48,29,30.19,30.14,30.03,10,10,10,9,3,13,0,0,,297
11/11/14,64,57,49,57,52,44,87,75,63,30.13,30.03,29.91,10,7,2,10,3,19,0,5,,128
11/12/14,65,56,47,58,52,34,93,68,43,30.08,29.93,29.87,10,5,0,10,3,22,0,6,Fog,28
11/13/14,48,42,36,35,30,25,85,62,39,30.12,30.05,29.99,10,7,4,9,4,15,0.2,5,Rain,288
11/14/14,42,39,35,34,24,14,92,62,32,30.18,30.04,29.96,10,9,4,14,7,24,0.06,4,,299
11/15/14,42,38,33,20,17,14,56,44,32,30.37,30.3,30.19,10,10,10,12,4,20,0,0,,311
11/16/14,45,40,35,33,23,17,57,49,40,30.38,30.27,30.11,10,10,6,10,4,18,0.03,6,Rain,251
11/17/14,52,46,40,48,41,34,93,82,71,30.07,29.76,29.51,10,4,0,14,4,22,1.54,8,Fog-Rain,8
11/18/14,45,35,24,33,9,1,65,46,26,30.1,29.87,29.6,10,10,10,22,10,33,0,0,,285
11/19/14,36,29,22,15,7,3,47,38,29,30.27,30.17,30.06,10,10,10,16,7,25,0,1,,273
11/20/14,45,38,31,21,16,8,47,37,27,30.03,29.94,29.84,10,10,10,17,7,28,0,3,,268
11/21/14,37,33,28,9,8,6,42,36,29,30.51,30.3,30.04,10,10,10,17,8,26,0,0,,306
11/22/14,44,36,28,19,13,8,46,38,30,30.5,30.36,30.2,10,10,10,15,5,26,0,2,,253
11/23/14,57,50,43,49,27,19,77,52,27,30.21,30.14,29.99,10,10,9,14,4,23,0,3,,213
11/24/14,69,61,53,60,55,48,93,78,63,30.01,29.76,29.57,10,7,2,17,5,32,0.7,6,Rain,147
11/25/14,68,60,51,56,35,25,68,49,30,30.16,29.97,29.75,10,10,10,14,5,23,0,1,,271
11/26/14,51,43,34,35,32,27,92,65,38,30.2,29.98,29.78,10,5,1,18,9,34,1.24,8,Rain-Snow,32
11/27/14,38,36,34,32,30,24,89,77,64,30.06,29.99,29.85,10,9,2,12,5,20,0.02,8,Snow,311
11/28/14,37,33,29,23,17,11,69,55,40,30.27,30.17,30.06,10,10,10,17,6,25,0,1,,300
11/29/14,45,36,27,32,16,10,58,48,38,30.36,30.3,30.22,10,10,10,10,4,16,0,5,,264
11/30/14,55,50,45,38,33,30,62,53,44,30.2,30.13,30.07,10,10,10,13,4,23,0,7,,237
12/01/14,65,54,42,45,40,28,76,62,48,30.46,30.19,30.07,10,10,7,14,7,23,0.09,6,Rain,290
12/02/14,43,39,35,40,30,17,89,67,44,30.63,30.51,30.3,10,8,2,17,9,26,0.08,7,Rain,70
12/03/14,46,44,41,43,38,24,92,73,53,30.27,30.12,29.98,10,6,2,16,8,26,0.06,7,Rain,276
12/04/14,45,41,37,24,21,17,59,48,36,30.52,30.38,30.22,10,10,10,13,6,19,0,0,,304
12/05/14,44,39,34,41,33,19,89,69,48,30.61,30.47,30.34,10,6,1,17,6,21,0.51,6,Rain,50
12/06/14,50,45,39,47,42,36,96,88,80,30.36,30.22,30.09,8,3,1,17,4,30,1.22,8,Rain,36
12/07/14,42,36,30,35,18,0,92,62,32,30.61,30.45,30.22,10,10,10,25,12,40,0.04,1,Rain,28
12/08/14,37,31,24,30,17,-1,75,51,27,30.68,30.57,30.35,10,10,10,20,12,29,0,6,,60
12/09/14,42,39,36,38,36,30,92,81,70,30.31,29.89,29.67,10,5,1,22,10,32,2.54,8,Rain,36
12/10/14,40,36,32,36,31,23,89,74,59,29.69,29.62,29.58,10,6,1,16,8,24,0.08,8,Rain-Snow,295
12/11/14,38,35,31,26,23,20,75,62,48,29.87,29.73,29.61,10,9,2,17,8,25,0.01,7,Snow,276
12/12/14,38,35,32,23,21,19,61,57,52,30,29.96,29.88,10,10,10,15,8,25,0,6,,303
12/13/14,44,39,34,28,25,21,64,54,43,29.99,29.94,29.88,10,10,10,16,9,28,0,2,,307
12/14/14,46,42,38,29,29,28,70,60,49,29.97,29.9,29.86,10,10,10,13,6,20,0,4,,306
12/15/14,48,43,37,34,29,28,70,58,46,30.12,30.05,29.97,10,10,10,8,3,12,0,0,,333
12/16/14,49,44,38,43,39,32,86,76,65,30.11,29.99,29.83,10,6,2,12,4,14,0.2,7,Rain,75
12/17/14,54,48,42,43,39,26,92,73,53,29.89,29.84,29.8,10,7,2,16,6,26,0.02,7,Rain,294
12/18/14,42,40,37,25,23,21,59,52,45,29.99,29.95,29.88,10,10,10,16,9,28,0,6,,293
12/19/14,38,35,31,25,21,19,63,56,48,30.21,30.06,29.96,10,10,10,14,7,24,0,5,,307
12/20/14,33,32,30,21,19,18,63,57,51,30.31,30.26,30.19,10,10,10,12,5,15,0,8,,10
12/21/14,36,34,31,29,25,21,82,73,63,30.36,30.31,30.27,10,9,6,9,5,13,T,8,Snow,338
12/22/14,44,40,35,42,35,29,89,82,75,30.35,30.27,30.16,10,8,5,12,6,16,0.04,8,Rain,59
12/23/14,46,45,43,44,42,41,96,91,86,30.18,30.12,30.07,9,3,2,17,8,26,0.16,8,Rain,67
12/24/14,58,51,44,57,47,43,100,96,92,30.08,29.79,29.53,7,3,1,12,6,17,0.8,8,Rain,86
12/25/14,62,53,44,60,40,27,100,69,38,30.12,29.74,29.48,10,8,2,20,10,32,0.09,5,Rain,279
12/26/14,50,45,40,29,28,27,64,53,42,30.25,30.2,30.13,10,10,10,13,6,18,0,0,,272
12/27/14,55,50,44,35,31,29,53,47,41,30.27,30.19,30.07,10,10,10,14,4,25,0,0,,257
12/28/14,54,49,43,43,37,26,92,73,53,30.07,29.95,29.88,10,9,2,15,6,22,0.1,5,Rain,264
12/29/14,44,39,34,25,19,15,53,42,31,30.26,30.18,30.09,10,10,10,15,5,25,0,0,,308
12/30/14,34,31,28,17,13,8,58,47,36,30.4,30.36,30.27,10,10,10,10,4,17,0,2,,5
12/31/14,32,30,27,12,8,5,55,43,30,30.35,30.28,30.18,10,10,10,14,6,21,0,2,,275
01/01/15,39,33,27,17,10,6,46,37,27,30.18,30.07,29.98,10,10,10,17,7,31,0,0,,254
01/02/15,42,39,35,20,17,15,52,43,33,30.46,30.22,30.01,10,10,10,15,7,25,0,1,,278
01/03/15,42,38,33,39,29,16,92,68,44,30.59,30.41,30.09,10,4,0,12,6,18,0.71,6,Rain-Snow,75
01/04/15,56,49,41,50,43,27,93,88,83,30.09,29.88,29.66,10,6,1,29,6,46,0.3,7,Rain,274
01/05/15,49,35,21,27,10,-3,49,38,26,30.41,30.13,29.8,10,10,10,24,11,38,0,2,,291
01/06/15,22,21,19,14,9,-3,77,57,36,30.42,30.23,30.02,10,5,0,14,4,24,0.05,5,Snow,276
01/07/15,23,16,9,11,1,-13,73,49,25,30.27,30.04,29.92,10,10,9,22,13,39,0,2,,292
01/08/15,21,15,8,1,-4,-12,55,48,41,30.43,30.34,30.21,10,10,10,18,9,31,0,0,,275
01/09/15,33,26,19,18,11,1,81,57,33,30.21,30.06,29.99,10,6,0,21,9,30,0.07,4,Snow,259
01/10/15,23,20,16,1,-1,-4,47,41,34,30.58,30.44,30.23,10,10,10,18,8,25,0,0,,277
01/11/15,37,28,18,14,6,-1,47,38,29,30.68,30.59,30.49,10,10,10,14,6,24,0,2,,258
01/12/15,39,37,35,35,31,13,92,64,35,30.48,30.23,30.11,10,5,1,12,4,20,0.36,8,Rain,284
01/13/15,36,27,17,31,13,2,82,61,39,30.65,30.5,30.25,10,10,10,18,9,25,0,3,,22
01/14/15,32,24,16,20,12,2,63,56,49,30.58,30.38,30.17,10,10,10,14,6,17,0,5,,43
01/15/15,35,30,25,19,16,13,69,55,41,30.17,30.06,29.91,10,10,9,15,5,20,0,3,,304
01/16/15,43,32,20,19,12,0,58,45,31,30.24,29.94,29.81,10,10,3,21,10,32,0,2,,282
01/17/15,32,25,17,19,5,-1,53,41,29,30.39,30.32,30.23,10,10,10,14,6,23,0,0,,271
01/18/15,42,37,31,39,34,21,92,77,61,30.21,29.88,29.7,10,4,0,10,4,20,2.1,7,Fog-Rain,35
01/19/15,42,39,36,32,25,19,82,62,41,29.88,29.81,29.72,10,10,9,16,8,33,0,7,,283
01/20/15,40,36,32,24,18,9,59,47,35,30.04,29.93,29.86,10,10,10,13,6,20,0,4,,287
01/21/15,36,31,25,16,9,3,50,38,26,30.18,30.13,30.06,10,10,9,10,4,15,0,4,,33
01/22/15,40,36,31,23,19,12,69,56,43,30.33,30.22,30.15,10,7,1,14,6,21,0,6,,318
01/23/15,39,34,28,25,17,13,59,50,40,30.34,30.21,29.99,10,10,8,14,6,19,0,1,,267
01/24/15,39,36,33,32,30,22,89,71,52,29.97,29.57,29.28,10,4,0,14,6,24,0.72,7,Fog-Rain-Snow,358
01/25/15,42,37,31,27,17,7,69,48,27,29.99,29.76,29.5,10,10,9,17,6,30,0,3,,281
01/26/15,31,27,22,21,16,3,88,61,34,30.02,29.9,29.69,10,3,0,23,13,34,0.48,8,Fog-Snow,53
01/27/15,30,25,20,20,15,5,84,66,47,29.85,29.7,29.65,10,5,0,17,8,30,0.36,6,Fog-Snow,354
01/28/15,34,25,16,8,2,-2,61,45,28,30.27,30.06,29.86,10,10,10,16,8,24,0,0,,309
01/29/15,36,28,19,27,13,1,69,52,35,30.33,30.19,29.99,10,9,2,14,4,20,0.02,4,Snow,268
01/30/15,38,29,19,29,22,3,85,63,40,30.01,29.91,29.82,10,6,1,22,11,36,0.06,6,Snow,288
01/31/15,26,20,13,5,-1,-5,53,41,29,30.22,30.12,30.05,10,10,10,24,12,44,0,0,,307
02/01/15,36,28,20,29,19,6,85,66,47,30.22,30.13,29.99,10,7,1,12,4,17,0.03,6,Snow,193
02/02/15,34,24,14,30,24,5,92,80,67,30,29.6,29.39,9,3,0,22,10,32,1.02,8,Fog-Rain-Snow,44
02/03/15,26,20,13,12,8,4,70,60,50,30.31,30.22,29.99,10,9,8,17,7,27,0,0,,271
02/04/15,43,34,24,28,21,11,63,56,49,30.32,30.14,29.91,10,9,7,13,4,19,0,5,,241
02/05/15,42,28,14,27,10,-6,69,50,31,30.22,30.02,29.83,10,10,9,20,8,30,0,3,,308
02/06/15,27,20,12,7,0,-3,53,43,33,30.27,30.19,30.1,10,10,10,17,7,26,0,1,,283
02/07/15,40,33,25,26,17,8,75,61,46,30.16,30.09,29.98,10,8,0,12,4,18,0.02,7,Snow,256
02/08/15,37,33,29,30,28,23,89,74,59,29.98,29.92,29.86,9,5,2,18,9,26,0,7,,69
02/09/15,29,27,25,23,19,18,81,75,68,30.02,29.99,29.94,10,9,5,20,11,29,0.09,8,,62
02/10/15,40,33,26,22,19,17,69,59,48,30.08,30.04,30,10,9,3,18,10,27,0.01,6,Snow,32
02/11/15,34,28,22,16,11,8,65,50,35,30.1,30.02,29.91,10,10,10,18,7,26,0,0,,39
02/12/15,40,28,16,27,19,-4,69,55,41,29.93,29.79,29.7,10,8,1,22,7,39,T,7,Snow,281
02/13/15,21,15,8,-5,-7,-9,50,41,31,30.17,30.1,29.96,10,10,10,22,9,37,0,0,,305
02/14/15,32,24,16,22,15,-6,75,54,33,30.12,29.67,29.44,10,6,1,14,5,23,0.02,7,Snow,256
02/15/15,25,15,4,19,0,-13,81,58,34,30.11,29.75,29.44,10,9,2,23,15,42,T,4,Snow,307
02/16/15,21,12,3,-6,-11,-13,51,38,25,30.2,30.14,30.08,10,10,10,21,7,36,0,1,,304
02/17/15,27,21,14,12,9,-5,80,57,34,30.04,29.93,29.85,10,5,0,12,5,16,0.14,6,Snow,27
02/18/15,33,26,19,21,14,8,67,55,43,29.93,29.81,29.72,10,8,1,15,4,21,T,3,Snow,280
02/19/15,27,18,8,11,-3,-13,55,40,25,30,29.81,29.71,10,10,10,20,11,31,0,3,,294
02/20/15,19,11,2,-5,-10,-16,44,39,33,30.49,30.25,30.03,10,10,10,22,10,36,0,0,,282
02/21/15,32,23,13,29,15,-8,85,59,33,30.52,30.33,30.15,10,4,0,14,4,23,0.61,5,Fog-Rain-Snow,229
02/22/15,43,38,32,30,28,25,89,71,53,30.2,30.16,30.13,10,5,2,12,3,17,0.1,5,Rain-Snow,272
02/23/15,38,23,8,25,1,-12,64,45,25,30.41,30.29,30.18,10,10,10,17,11,29,0,2,,314
02/24/15,24,14,4,12,-3,-12,60,47,34,30.4,30.18,29.84,10,10,10,14,6,23,0,1,,227
02/25/15,37,29,20,14,10,4,65,49,32,29.99,29.85,29.75,10,10,10,15,6,24,0,0,,281
02/26/15,32,27,21,15,9,1,63,46,29,30.15,30.01,29.91,10,10,3,15,7,20,0,5,,26
02/27/15,30,24,18,6,3,-3,54,41,28,30.61,30.39,30.16,10,10,10,13,6,20,0,2,,319
02/28/15,29,21,13,3,-2,-5,51,40,29,30.82,30.74,30.64,10,10,10,12,4,18,0,0,,281
03/01/15,31,28,24,23,16,-1,84,56,28,30.71,30.44,30.14,10,4,0,15,2,20,0.52,7,Fog-Snow,273
03/02/15,39,33,27,25,18,8,78,55,32,30.38,30.15,30.02,10,8,5,18,8,34,0,5,,302
03/03/15,37,30,22,32,20,7,85,62,39,30.45,30.21,29.82,10,6,0,14,5,24,0.67,5,Rain-Snow,190
03/04/15,45,40,35,39,35,31,92,81,70,29.93,29.85,29.74,9,5,2,15,6,25,0.25,8,Rain,258
03/05/15,40,30,19,36,23,3,100,75,49,30.38,30.11,29.89,7,2,0,14,6,20,0.76,8,Fog-Rain-Snow,305
03/06/15,27,20,12,8,3,-2,61,48,34,30.55,30.45,30.34,10,9,8,14,6,20,0,0,,295
03/07/15,38,28,18,19,11,4,56,47,38,30.33,30.18,30.05,10,10,9,16,5,24,0,3,,259
03/08/15,49,43,37,28,22,18,57,44,31,30.15,30.07,30.02,10,10,8,20,5,30,0,4,,276
03/09/15,54,47,40,30,24,19,53,41,28,30.25,30.16,30.11,10,10,9,16,5,25,0.01,2,Rain,272
03/10/15,53,46,39,43,36,24,92,67,42,30.31,30.17,29.99,10,5,1,12,4,17,0.46,5,Rain,65
03/11/15,59,52,44,45,39,17,93,61,29,30.1,29.97,29.91,10,7,1,14,7,22,0.01,4,Rain,287
03/12/15,47,42,36,22,7,-6,43,27,11,30.6,30.38,30.11,10,10,10,20,8,33,0,0,,318
03/13/15,43,37,31,27,9,-2,59,38,17,30.66,30.55,30.36,10,10,10,13,7,19,0,0,,125
03/14/15,51,46,40,48,41,27,93,73,53,30.34,30,29.7,10,5,2,15,6,22,0.81,8,Rain,214
03/15/15,44,40,36,41,29,22,89,67,45,29.99,29.8,29.7,10,10,8,23,11,41,0,7,,295
03/16/15,52,44,35,31,25,21,59,49,38,30.04,29.93,29.79,10,10,10,13,4,20,0,1,,277
03/17/15,57,46,34,42,27,6,71,49,27,29.93,29.69,29.55,10,10,7,24,10,43,0.02,5,Rain,295
03/18/15,39,34,29,13,9,7,43,35,27,30.19,30.04,29.94,10,10,10,20,10,35,0,3,,316
03/19/15,43,36,29,11,4,-1,46,32,17,30.34,30.28,30.2,10,10,10,14,6,22,0,1,,302
03/20/15,38,34,29,28,19,1,92,58,23,30.35,30.25,30.13,10,4,0,17,8,22,0.4,6,Fog-Snow,67
03/21/15,47,38,29,35,28,25,92,75,58,30.15,30.03,29.89,10,5,2,16,5,27,T,7,,308
03/22/15,43,36,28,29,12,4,57,41,25,30.17,30.04,29.92,10,10,10,18,8,30,0,0,,308
03/23/15,38,31,23,7,4,-2,50,35,19,30.25,30.22,30.17,10,10,10,16,7,27,0,0,,306
03/24/15,45,36,26,18,8,3,42,33,24,30.39,30.32,30.27,10,10,10,13,4,17,0,2,,43
03/25/15,49,42,34,40,26,13,89,57,25,30.41,30.32,30.15,10,9,3,13,4,22,0.05,4,Rain,152
03/26/15,62,52,42,57,46,38,93,88,82,30.14,29.82,29.6,10,5,1,14,3,23,0.32,8,Rain,142
03/27/15,46,43,39,41,34,24,89,69,49,29.79,29.75,29.68,10,9,5,12,4,18,0.27,8,Rain,340
03/28/15,40,33,26,24,20,14,68,56,44,30.12,29.87,29.76,10,9,2,15,8,23,T,8,Snow,339
03/29/15,46,36,25,18,6,-1,63,40,16,30.28,30.19,30.12,10,10,8,14,6,22,0,3,,287
03/30/15,54,45,36,32,23,11,70,50,30,30.11,29.9,29.77,10,9,2,24,8,44,T,5,Snow,265
03/31/15,47,41,35,35,30,21,92,65,37,29.9,29.82,29.76,10,8,4,13,5,20,0.17,6,Rain,344
04/01/15,51,42,32,31,18,9,82,52,22,30.21,30.05,29.82,10,10,10,15,5,23,0,0,,295
04/02/15,67,54,41,34,24,8,41,32,22,30.26,30.12,29.91,10,10,10,20,6,31,0,0,,232
04/03/15,64,62,59,56,50,35,84,62,39,29.88,29.78,29.61,10,8,4,16,7,25,0.04,6,Rain,238
04/04/15,60,51,42,56,34,14,87,56,24,30.15,29.77,29.46,10,9,5,24,10,41,0.01,4,Rain,294
04/05/15,61,52,42,34,24,16,60,43,25,30.27,30.16,30.08,10,10,10,18,5,30,0,3,,280
04/06/15,63,53,42,42,36,33,76,56,36,30.32,30.23,30.13,10,10,9,12,4,18,0,0,,81
04/07/15,62,52,42,46,41,39,89,66,43,30.32,30.23,30.12,10,8,2,17,7,25,0.15,8,Rain,70
04/08/15,45,41,37,39,32,24,86,66,45,30.38,30.31,30.23,10,9,5,22,11,32,0,8,,70
04/09/15,43,40,37,38,35,32,92,81,70,30.37,30.29,30.22,10,9,3,18,9,25,0,8,,75
04/10/15,56,48,39,50,42,37,96,90,83,30.21,29.95,29.76,10,5,2,14,5,22,0.17,7,Rain,340
04/11/15,57,51,44,45,31,24,66,48,30,30.22,29.99,29.83,10,10,10,17,9,28,0,0,,294
04/12/15,66,55,43,38,28,23,59,39,19,30.33,30.28,30.23,10,10,10,13,3,21,0,0,,288
04/13/15,68,59,50,45,37,31,55,43,30,30.36,30.27,30.16,10,10,10,15,5,24,0,0,,204
04/14/15,65,60,55,52,41,27,75,50,24,30.19,30.13,30.07,10,10,10,13,4,22,0.01,5,,307
04/15/15,72,62,51,34,21,14,41,27,12,30.36,30.19,30.11,10,10,10,21,6,35,0,0,,5
04/16/15,64,58,52,42,25,17,61,39,17,30.48,30.39,30.26,10,10,10,16,7,21,0,0,,108
04/17/15,71,63,55,54,51,43,83,68,53,30.24,30.04,29.9,10,9,5,15,5,25,0.08,6,Rain,245
04/18/15,80,70,59,47,39,25,56,38,20,30.05,29.95,29.85,10,10,10,15,4,25,0,0,,301
04/19/15,64,56,48,36,29,19,61,41,21,30.27,30.2,30.08,10,10,10,15,9,22,0,0,,94
04/20/15,57,52,46,56,50,38,100,83,66,30.14,29.78,29.59,10,3,0,16,7,27,1.37,8,Fog-Rain,83
04/21/15,65,59,52,54,44,25,100,63,25,29.77,29.64,29.55,10,6,2,16,6,24,0.2,5,Rain,275
04/22/15,69,59,48,47,36,28,67,49,31,29.8,29.69,29.54,10,10,4,20,6,33,0.05,3,Rain,226
04/23/15,52,47,41,32,24,18,62,47,32,29.84,29.75,29.68,10,10,10,21,9,33,0,3,,290
04/24/15,52,46,39,20,18,16,44,35,26,29.93,29.87,29.83,10,10,10,17,9,33,0,5,,323
04/25/15,62,50,38,34,23,20,52,36,20,29.93,29.81,29.69,10,10,10,14,6,22,0,0,,309
04/26/15,64,55,46,28,27,25,46,36,25,29.71,29.68,29.65,10,10,10,13,5,21,0,3,,40
04/27/15,62,56,49,34,30,28,50,40,29,29.73,29.67,29.63,10,10,10,16,6,28,0,7,,309
04/28/15,71,61,50,37,35,31,61,43,24,29.8,29.75,29.7,10,10,10,17,8,26,0,2,,15
04/29/15,78,64,50,42,38,32,68,44,20,29.76,29.7,29.62,10,10,10,17,6,23,0,1,,330
04/30/15,67,58,48,41,38,36,71,53,34,29.92,29.8,29.73,10,10,10,15,8,21,0,3,,84
05/01/15,63,56,49,40,39,38,71,59,46,29.99,29.96,29.92,10,10,10,14,5,18,0,6,,98
05/02/15,74,61,48,43,40,35,80,56,31,30.04,29.99,29.95,10,10,2,15,3,22,0,2,,172
05/03/15,80,66,51,44,38,34,59,41,22,30.15,30.08,30.04,10,10,10,10,3,18,0,0,,226
05/04/15,85,71,57,49,44,39,72,47,22,30.21,30.16,30.11,10,10,7,15,5,23,0,0,,169
05/05/15,85,76,66,54,50,44,53,44,34,30.22,30.17,30.14,10,10,10,13,4,21,0,2,,255
05/06/15,73,66,59,52,41,36,53,41,28,30.3,30.24,30.19,10,10,10,14,5,23,T,5,,61
05/07/15,80,68,56,51,45,39,80,54,27,30.24,30.19,30.13,10,10,7,10,2,17,0,0,,205
05/08/15,82,69,56,55,52,44,86,62,38,30.21,30.15,30.12,10,6,2,13,3,21,0,0,,78
05/09/15,70,64,57,58,55,52,90,77,63,30.35,30.27,30.22,9,5,3,9,4,13,0,8,,84
05/10/15,83,72,61,65,61,57,90,71,51,30.27,30.2,30.12,10,7,2,13,4,23,0,5,,253
05/11/15,84,77,70,66,65,63,84,70,55,30.16,30.09,29.96,10,8,6,13,4,25,T,5,Rain,219
05/12/15,86,75,64,65,59,43,87,58,28,29.99,29.85,29.75,10,8,4,15,5,28,0,3,,270
05/13/15,70,62,53,42,38,34,51,43,35,30.28,30.08,29.91,10,10,10,15,7,26,0,4,,305
05/14/15,73,62,50,37,33,24,56,37,17,30.41,30.34,30.28,10,10,10,13,4,20,0,0,,358
05/15/15,75,65,55,43,40,36,59,45,31,30.33,30.27,30.2,10,10,9,13,3,22,0,1,,213
05/16/15,75,66,57,65,58,41,87,67,46,30.23,30.17,30.09,10,7,2,10,2,16,0.3,6,Rain,247
05/17/15,83,74,64,66,64,62,93,72,51,30.19,30.14,30.07,10,5,1,7,2,11,0.02,4,Rain,48
05/18/15,75,68,60,65,57,51,90,77,63,30.23,30.16,30.09,10,6,2,14,5,18,0,7,,74
05/19/15,80,70,59,65,58,53,87,72,57,30.1,29.93,29.76,10,5,2,14,2,26,T,6,Rain,76
05/20/15,67,61,54,49,38,33,57,47,36,30.01,29.91,29.85,10,10,10,14,7,27,0,2,,304
05/21/15,62,57,52,46,38,33,72,54,36,30.03,29.96,29.89,10,10,10,12,3,16,0,6,,270
05/22/15,74,65,55,46,40,31,72,51,29,30.15,29.94,29.86,10,10,10,18,6,29,0,4,,293
05/23/15,70,60,49,41,29,22,55,38,20,30.42,30.34,30.17,10,10,10,15,4,25,0,0,,285
05/24/15,81,69,56,50,43,35,55,38,21,30.37,30.3,30.23,10,10,10,10,4,18,0,0,,251
05/25/15,85,75,64,58,55,50,67,52,37,30.27,30.22,30.15,10,10,10,13,5,21,0,0,,238
05/26/15,88,78,67,61,58,52,68,54,40,30.22,30.17,30.13,10,10,10,12,5,20,0,0,,238
05/27/15,85,78,70,68,64,60,84,70,55,30.2,30.15,30.07,10,8,6,15,5,23,0.08,4,Rain,231
05/28/15,85,78,70,68,64,53,90,62,34,30.24,30.15,30.1,10,8,4,12,4,20,0,3,,240
05/29/15,85,75,65,61,55,52,76,57,37,30.3,30.26,30.22,10,10,9,12,4,17,0,0,,41
05/30/15,85,76,67,65,63,60,84,68,51,30.23,30.15,30.05,10,10,9,14,6,25,0,1,,202
05/31/15,87,72,57,71,65,56,97,74,51,30.13,30.06,30,10,6,0,20,6,28,1.46,6,Fog-Rain,96
06/01/15,58,55,51,55,53,49,93,90,86,30.16,30.13,30.09,10,4,2,16,10,29,0.72,8,Rain,68
06/02/15,55,53,50,52,49,47,93,88,83,30.21,30.15,30.1,10,6,1,14,6,19,0.37,8,Rain,62
06/03/15,70,61,52,52,49,45,93,67,40,30.28,30.22,30.18,10,10,5,10,5,16,0,5,,71
06/04/15,65,60,54,50,48,46,77,69,60,30.29,30.25,30.21,10,10,10,12,5,16,0,4,,80
06/05/15,70,63,55,59,54,47,93,80,66,30.2,30.08,29.92,10,6,1,9,3,14,0.13,7,Rain,81
06/06/15,76,68,60,62,54,31,97,60,22,30.09,29.93,29.86,10,6,1,9,5,22,0.19,5,Rain,328
06/07/15,74,65,55,49,42,31,55,44,32,30.22,30.15,30.1,10,10,10,12,4,23,0,0,,109
06/08/15,79,71,63,65,58,50,72,63,54,30.11,29.93,29.78,10,10,7,15,6,27,0.06,4,Rain,197
06/09/15,83,76,68,68,63,54,90,65,39,29.79,29.71,29.63,10,9,7,15,5,25,0.01,5,Rain,258
06/10/15,82,74,65,58,56,54,68,53,37,29.9,29.86,29.79,10,10,9,13,3,19,0,0,,259
06/11/15,89,81,72,67,64,58,68,58,47,29.93,29.88,29.85,10,7,6,14,5,19,0,1,,255
06/12/15,88,81,73,71,64,56,65,54,43,29.99,29.91,29.82,10,8,5,13,5,23,0,0,,114
06/13/15,86,79,72,69,59,46,65,48,30,30.02,29.92,29.79,10,10,10,14,5,22,0,2,,357
06/14/15,88,77,66,64,59,56,93,64,34,30.09,30.04,30.01,10,8,2,10,3,18,0.36,2,Rain,140
06/15/15,83,74,64,72,66,61,97,83,69,30.07,29.98,29.91,10,3,1,17,5,25,0.57,8,Rain,82
06/16/15,79,72,65,71,66,60,87,74,60,29.97,29.89,29.8,10,5,1,8,2,13,0.27,6,Rain,242
06/17/15,82,74,66,60,58,55,78,60,42,30.17,30.1,29.96,10,9,2,12,4,17,T,2,Rain,15
06/18/15,71,68,64,60,58,54,81,74,66,30.14,30.06,29.95,10,10,8,8,4,15,0,7,,177
06/19/15,87,78,68,67,62,57,84,66,47,30,29.92,29.88,10,9,7,10,4,16,0,5,,341
06/20/15,75,70,64,66,59,50,90,70,49,30.11,30.03,29.92,10,7,2,15,5,22,T,7,Rain,80
06/21/15,88,80,71,72,69,66,93,72,50,29.86,29.77,29.7,10,5,0,16,5,28,0.64,7,Rain,269
06/22/15,87,79,70,69,61,56,87,62,37,29.99,29.94,29.84,10,10,9,13,5,19,0,0,,273
06/23/15,90,83,75,73,68,59,79,66,52,29.95,29.85,29.73,10,9,8,16,6,27,0.02,1,,243
06/24/15,84,76,68,61,54,49,63,50,36,30.04,29.98,29.88,10,10,10,13,5,19,0,0,,315
06/25/15,83,74,65,60,52,47,64,49,33,30.08,30.02,29.97,10,10,10,13,3,22,0,1,,273
06/26/15,81,75,69,61,58,54,73,58,42,30.08,29.98,29.91,10,10,10,16,5,21,0,4,,79
06/27/15,71,65,58,60,56,48,97,72,47,30.13,30.02,29.86,10,6,2,16,7,24,1.12,7,Rain,84
06/28/15,73,68,62,64,61,58,93,77,61,29.86,29.72,29.66,10,6,2,18,5,25,0.29,8,Rain,56
06/29/15,76,70,63,57,55,53,72,59,46,29.95,29.88,29.75,10,10,10,12,5,20,0,3,,262
06/30/15,82,75,68,68,61,56,70,56,42,29.99,29.92,29.84,10,10,10,14,4,25,0,3,,173
07/01/15,82,76,69,70,65,56,90,68,45,29.87,29.8,29.75,10,6,0,14,4,31,0.39,5,Fog-Rain,274
07/02/15,80,75,69,61,58,56,68,58,48,29.92,29.88,29.86,10,10,8,8,1,12,0,1,,228
07/03/15,82,74,66,61,54,49,68,52,35,29.99,29.96,29.89,10,10,9,9,3,13,0,0,,70
07/04/15,75,72,69,61,57,52,73,60,46,30.02,29.96,29.94,10,10,8,9,3,14,T,5,Rain,86
07/05/15,83,76,68,64,61,58,73,60,46,30.14,30.1,30.04,10,9,7,7,2,12,0,1,,260
07/06/15,83,78,72,68,65,62,84,68,51,30.17,30.13,30.09,10,9,5,12,3,18,0,4,,208
07/07/15,88,82,75,75,71,67,91,76,61,30.11,30.02,29.94,10,8,0,10,5,23,0.12,5,Fog-Rain,195
07/08/15,88,83,77,72,70,68,82,72,61,29.96,29.94,29.91,10,8,5,13,3,22,T,2,,250
07/09/15,79,74,68,70,65,57,90,72,54,30.04,29.93,29.81,10,5,2,12,5,18,0.3,6,Rain,80
07/10/15,84,78,72,71,62,54,93,65,37,30.01,29.92,29.79,10,8,2,12,5,21,0,4,,353
07/11/15,88,79,69,60,56,50,61,45,28,30.09,30.06,30.02,10,10,9,10,2,15,0,0,,286
07/12/15,89,81,72,61,60,57,64,50,36,30.06,30.01,29.95,10,10,9,7,2,12,0,0,,235
07/13/15,88,81,73,64,61,55,64,53,42,29.96,29.88,29.81,10,10,8,10,3,18,0,0,,178
07/14/15,82,78,73,73,69,60,87,74,60,29.79,29.65,29.56,10,7,0,8,3,16,0.42,5,Fog-Rain,137
07/15/15,81,77,72,72,69,52,87,67,46,29.88,29.65,29.56,10,5,0,13,4,22,0.12,6,Fog-Rain,11
07/16/15,80,72,64,57,49,45,61,46,30,30.08,30.02,29.9,10,10,10,15,6,23,0,2,,52
07/17/15,81,74,67,61,59,56,73,62,50,30.12,30.07,30.03,10,10,9,12,4,21,0,1,,239
07/18/15,85,78,71,72,68,61,79,72,64,30.02,29.95,29.86,10,8,0,10,4,19,0.32,6,Fog-Rain,220
07/19/15,93,86,78,74,70,68,74,62,49,29.88,29.81,29.74,10,10,8,14,3,22,0,0,,252
07/20/15,94,88,82,73,68,63,70,57,43,29.74,29.7,29.66,10,9,7,12,5,19,0,1,,278
07/21/15,89,82,74,67,64,61,64,54,43,29.67,29.64,29.57,10,10,8,10,3,19,T,2,,277
07/22/15,85,77,69,59,51,47,58,44,29,29.89,29.77,29.67,10,10,10,14,6,23,0,0,,294
07/23/15,86,77,68,52,49,46,55,42,28,29.96,29.91,29.88,10,10,10,13,4,19,0,0,,300
07/24/15,87,79,70,54,50,46,53,39,25,29.96,29.93,29.9,10,10,10,10,2,15,0,2,,55
07/25/15,88,79,69,64,56,51,69,49,29,30.01,29.98,29.94,10,10,10,10,3,19,0,1,,347
07/26/15,90,82,74,65,61,57,61,52,43,30,29.97,29.93,10,10,9,12,5,22,T,3,,198
07/27/15,86,79,71,68,67,60,90,72,54,30.04,30,29.98,10,8,2,20,3,22,0.36,4,Rain,262
07/28/15,95,85,75,69,65,59,82,57,31,30.02,29.98,29.94,10,9,6,9,3,12,0,0,,270
07/29/15,96,87,78,71,66,61,69,51,33,29.99,29.95,29.91,10,9,8,10,4,17,0,0,,288
07/30/15,87,82,76,77,73,70,85,75,65,29.94,29.87,29.8,10,5,0,12,4,22,1.95,6,Fog-Rain,242
07/31/15,89,81,72,72,59,50,87,58,29,29.88,29.84,29.8,10,9,4,12,3,18,0,0,,289
08/01/15,89,82,75,62,58,53,60,46,31,29.86,29.8,29.77,10,10,10,14,4,22,0,1,,273
08/02/15,89,80,71,61,57,51,66,48,29,29.93,29.89,29.86,10,10,10,12,2,17,0,0,,255
08/03/15,90,83,75,63,60,55,60,49,38,29.87,29.82,29.77,10,10,10,12,5,21,0,1,,221
08/04/15,89,79,69,68,61,51,90,61,31,29.93,29.86,29.81,10,8,0,23,5,36,0.43,2,Fog-Rain,274
08/05/15,87,80,72,59,55,51,61,47,32,29.96,29.9,29.85,10,10,10,12,3,21,0,1,,320
08/06/15,83,75,67,54,52,50,59,47,34,29.99,29.95,29.9,10,10,10,9,2,14,0,0,,304
08/07/15,84,77,69,56,54,52,61,48,34,29.93,29.91,29.88,10,10,10,13,5,18,0,0,,75
08/08/15,82,75,68,59,55,52,73,58,42,30,29.97,29.93,10,10,10,12,4,15,0,0,,79
08/09/15,85,77,68,62,58,53,73,54,34,30.05,30,29.98,10,10,10,10,4,17,0,2,,106
08/10/15,84,77,70,64,60,54,73,57,40,30.08,30.04,29.97,10,10,10,13,4,20,0,5,,158
08/11/15,81,76,71,71,67,63,93,79,64,29.99,29.83,29.73,10,6,1,12,4,21,1.17,7,Rain,230
08/12/15,85,78,71,66,58,54,74,56,37,29.95,29.85,29.79,10,10,10,12,5,19,0,1,,291
08/13/15,83,75,67,57,52,46,63,47,30,30.12,30.03,29.95,10,10,10,10,3,15,0,1,,284
08/14/15,88,78,67,60,55,49,63,49,34,30.18,30.13,30.09,10,10,10,9,3,18,0,0,,248
08/15/15,92,83,73,65,62,59,64,50,36,30.13,30.1,30.06,10,10,10,8,3,16,0,0,,263
08/16/15,93,85,76,68,64,62,64,51,38,30.13,30.09,30.04,10,10,9,9,2,17,0,1,,299
08/17/15,95,87,78,68,64,62,62,51,39,30.1,30.05,30,10,10,9,10,3,15,0,2,,262
08/18/15,90,82,73,72,68,64,87,67,46,30.07,30.03,29.97,10,8,2,14,4,25,0.29,2,Rain,245
08/19/15,87,82,77,72,70,68,79,70,61,30.08,30.04,30.01,10,10,10,12,4,22,0,4,,160
08/20/15,86,82,77,72,70,64,79,67,55,30.07,30.02,29.96,10,10,10,16,6,25,0.01,5,,165
08/21/15,87,79,71,73,65,54,94,65,35,30.06,30,29.93,10,9,2,12,4,16,0.32,5,Rain,349
08/22/15,86,78,69,57,52,46,57,45,32,30.12,30.08,30.05,10,9,6,10,4,16,0,0,,18
08/23/15,85,78,70,67,63,57,78,63,47,30.04,29.99,29.92,10,10,10,10,4,14,0,4,,70
08/24/15,87,80,73,68,64,60,84,63,42,29.96,29.9,29.84,10,10,8,9,3,18,0,3,,263
08/25/15,90,82,73,68,63,49,69,53,37,29.9,29.85,29.8,10,10,9,10,4,18,0,3,,249
08/26/15,85,76,67,54,52,48,63,46,29,30.02,29.95,29.91,10,10,10,12,4,19,0,1,,290
08/27/15,82,75,67,55,52,50,63,50,36,30.12,30.05,30,10,10,10,10,3,17,0,1,,302
08/28/15,82,73,63,53,52,49,67,50,33,30.2,30.16,30.13,10,10,10,8,2,14,0,0,,295
08/29/15,87,77,67,59,55,52,63,47,31,30.22,30.16,30.1,10,10,10,12,2,20,0,1,,289
08/30/15,90,81,72,71,64,58,79,61,43,30.12,30.07,30,10,9,1,12,4,19,0.13,2,Rain,246
08/31/15,91,84,76,68,65,63,74,56,38,30.04,30,29.94,10,9,7,13,4,21,0,1,,276
09/01/15,90,83,76,66,64,61,69,54,38,30.06,30.03,30,9,8,7,9,2,13,0,1,,111
09/02/15,91,83,74,70,65,60,74,59,44,30.05,29.97,29.89,9,7,5,9,2,15,0,0,,225
09/03/15,93,84,74,70,64,56,74,51,28,29.89,29.86,29.82,8,6,5,10,2,14,0,0,,57
09/04/15,85,79,72,67,65,60,69,60,51,30.22,30.07,29.91,10,8,6,17,7,25,0,3,,72
09/05/15,83,75,67,62,57,41,78,52,25,30.29,30.24,30.22,10,10,10,14,4,17,0,1,,76
09/06/15,87,76,65,58,56,50,73,54,34,30.23,30.19,30.14,10,10,10,9,1,16,0,0,,110
09/07/15,92,81,70,66,62,57,84,58,32,30.15,30.07,30,10,10,10,10,4,19,0,0,,246
09/08/15,97,87,76,69,65,61,69,50,30,30.04,29.99,29.93,10,10,9,13,5,22,0,0,,245
09/09/15,90,83,76,72,70,66,76,64,52,29.99,29.9,29.81,10,10,10,13,4,25,T,2,,220
09/10/15,79,75,70,72,69,68,93,88,82,29.9,29.82,29.73,10,5,0,12,6,18,1.58,8,Fog-Rain,45
09/11/15,81,74,66,67,62,58,87,68,49,29.82,29.76,29.7,10,9,4,14,5,19,0,6,,32
09/12/15,79,74,69,69,65,62,93,76,58,29.85,29.75,29.65,10,9,1,14,4,22,0.29,6,Rain,170
09/13/15,80,71,62,68,61,49,90,68,45,29.87,29.72,29.64,10,9,2,15,6,25,0.04,5,Rain,257
09/14/15,77,68,59,47,46,45,62,49,35,30.2,30.03,29.88,10,10,10,14,6,23,0,0,,279
09/15/15,84,73,62,52,49,46,60,46,31,30.32,30.28,30.21,10,10,10,8,2,13,0,0,,287
09/16/15,88,77,66,57,54,50,68,49,29,30.34,30.28,30.22,10,10,10,7,1,11,0,0,,260
09/17/15,89,79,68,58,55,51,66,48,29,30.22,30.14,30.06,10,10,10,12,2,15,0,0,,247
09/18/15,87,78,68,60,56,52,68,51,34,30.06,30.02,29.97,10,10,8,9,2,16,0,0,,189
09/19/15,83,76,68,67,63,58,84,64,43,30,29.94,29.87,10,9,5,12,3,20,0,2,,-1
09/20/15,79,72,64,66,54,41,79,56,32,30.12,29.98,29.86,10,10,10,15,8,23,0,4,,28
09/21/15,73,66,59,48,43,39,57,44,31,30.24,30.19,30.11,10,10,10,17,8,24,0,0,,69
09/22/15,71,67,62,54,49,41,59,50,40,30.32,30.27,30.24,10,10,10,14,7,18,0,3,,62
09/23/15,80,70,59,55,49,40,73,49,25,30.27,30.24,30.19,10,10,10,9,3,13,0,0,,59
09/24/15,82,71,60,57,52,48,73,54,35,30.35,30.28,30.23,10,10,10,13,4,18,0,0,,87
09/25/15,76,70,63,56,51,47,68,55,41,30.39,30.35,30.32,10,10,10,13,6,18,0,0,,67
09/26/15,72,67,61,54,49,42,72,55,37,30.48,30.43,30.36,10,10,10,18,6,26,0,1,,71
09/27/15,71,64,56,58,52,46,73,65,57,30.47,30.41,30.32,10,10,10,9,5,14,0,3,,79
09/28/15,78,72,65,66,61,58,81,71,60,30.34,30.23,30.13,10,10,7,9,3,15,0,6,,61
09/29/15,83,78,72,71,68,66,87,73,58,30.15,30.04,29.87,10,9,4,10,3,18,0.11,5,Rain,166
09/30/15,79,69,59,72,67,50,93,78,63,29.96,29.77,29.66,10,8,1,16,8,27,1.26,8,Rain,53
10/01/15,64,60,56,53,49,46,80,70,60,30.18,30.08,29.98,10,10,7,16,9,24,0.09,7,Rain,43
10/02/15,57,53,48,50,45,44,86,79,72,30.28,30.22,30.15,10,7,2,23,13,32,1.08,8,Rain,54
10/03/15,55,52,49,47,45,43,86,76,66,30.35,30.29,30.23,10,6,2,21,12,31,0.35,8,Rain,60
10/04/15,63,58,53,44,42,39,71,57,43,30.35,30.3,30.24,10,10,10,21,11,29,0,6,,61
10/05/15,67,60,52,48,45,40,68,58,48,30.24,30.17,30.1,10,10,10,15,6,20,0,4,,48
10/06/15,73,63,52,51,46,40,83,58,33,30.1,30.01,29.94,10,10,10,9,2,12,0,0,,30
10/07/15,73,66,58,51,49,48,72,58,44,30.06,29.99,29.96,10,10,10,8,3,15,0,2,,340
10/08/15,72,66,59,56,50,46,78,61,44,30.15,30.11,30.05,10,10,10,9,3,15,0,2,,125
10/09/15,78,70,61,65,60,52,93,75,56,30.08,29.89,29.76,10,7,0,17,4,27,0.89,5,Fog-Rain,270
10/10/15,65,58,50,50,40,35,65,51,36,30.14,30.07,29.91,10,10,10,12,3,22,0,0,,218
10/11/15,69,61,53,46,43,41,66,53,40,30.06,29.95,29.86,10,10,10,10,4,17,0,0,,250
10/12/15,77,67,56,53,47,44,67,50,33,29.87,29.81,29.72,10,10,10,10,4,17,0,0,,261
10/13/15,72,67,61,59,55,47,84,70,56,29.7,29.59,29.52,10,10,9,10,4,16,0.01,4,,258
10/14/15,69,63,57,50,45,41,67,55,42,29.88,29.75,29.65,10,10,10,12,4,19,0,3,,270
10/15/15,64,58,51,41,39,36,68,53,37,30.02,29.96,29.89,10,10,10,10,4,17,0,0,,263
10/16/15,64,59,53,45,38,33,66,50,34,30.04,29.97,29.9,10,10,10,13,5,22,0,2,,289
10/17/15,56,49,42,39,28,19,66,47,27,30.22,30.1,30.03,10,10,10,13,6,24,0,1,,303
10/18/15,50,44,38,25,22,15,59,43,26,30.39,30.28,30.22,10,10,10,16,5,25,0,1,,302
10/19/15,53,44,35,31,25,21,64,47,30,30.5,30.4,30.27,10,10,10,14,4,24,0,0,,273
10/20/15,70,59,48,40,36,31,56,42,28,30.26,30.21,30.15,10,10,10,14,6,24,0,1,,251
10/21/15,76,67,57,52,44,39,67,50,33,30.32,30.26,30.22,10,10,8,12,2,18,0,0,,255
10/22/15,75,67,58,49,47,44,62,52,41,30.23,30.14,30.05,10,10,8,12,5,19,0,1,,249
10/23/15,65,55,45,49,34,27,60,47,33,30.36,30.22,30.1,10,10,5,14,7,22,0,0,,25
10/24/15,57,49,40,46,37,28,72,62,51,30.4,30.33,30.2,10,10,10,10,4,15,0,5,,65
10/25/15,68,58,48,53,48,32,80,62,44,30.27,30.11,30.04,10,9,2,13,5,22,0.05,6,Rain,273
10/26/15,58,52,46,37,33,30,66,51,36,30.5,30.41,30.27,10,10,10,12,4,19,0,0,,38
10/27/15,59,52,45,42,37,28,71,59,46,30.58,30.52,30.48,10,10,10,10,4,15,0,1,,65
10/28/15,69,61,53,65,57,43,93,80,66,30.46,30.03,29.66,10,5,0,14,7,28,1.4,7,Fog-Rain,93
10/29/15,73,65,57,66,53,31,87,58,28,29.74,29.62,29.55,10,9,2,17,7,30,0.04,4,Rain,260
10/30/15,61,55,48,35,31,28,50,42,33,30.12,29.93,29.76,10,10,10,13,6,24,0,0,,294
10/31/15,56,49,42,40,32,29,63,52,41,30.24,30.16,30.06,10,10,10,10,3,16,0,0,,4
11/01/15,65,60,54,51,46,37,72,62,51,30.05,29.94,29.85,10,10,10,16,5,23,0,4,,245
11/02/15,63,59,54,49,43,41,72,59,46,30.13,30.07,30.01,10,10,10,8,2,14,0,0,,289
11/03/15,72,60,48,45,43,42,74,55,35,30.25,30.18,30.12,10,10,10,8,3,13,0,0,,274
11/04/15,70,63,56,55,48,44,87,64,40,30.38,30.33,30.26,10,10,4,9,2,14,0,0,,77
11/05/15,71,64,56,63,59,53,93,83,73,30.33,30.25,30.13,10,4,1,9,2,16,0.01,7,Rain,277
11/06/15,74,70,66,63,62,57,87,76,64,30.12,29.98,29.81,10,8,5,14,5,26,0,6,,245
11/07/15,72,63,53,53,42,32,66,55,43,30.15,30.02,29.92,10,10,10,12,4,19,0,3,,305
11/08/15,56,51,46,33,30,27,60,48,35,30.43,30.34,30.18,10,10,10,15,4,23,0,0,,326
11/09/15,59,51,43,42,34,26,70,50,30,30.47,30.4,30.3,10,10,10,9,2,13,0,1,,286
11/10/15,57,54,51,54,50,41,96,79,61,30.28,30.01,29.74,10,6,2,23,10,34,0.26,8,Rain,67
11/11/15,58,54,49,49,47,46,86,77,67,29.99,29.84,29.74,10,7,1,13,5,18,0.43,8,Rain,32
11/12/15,61,56,51,54,50,39,96,82,67,29.98,29.77,29.53,10,9,3,17,6,28,0.01,7,Rain,184
11/13/15,58,52,46,38,29,21,55,43,30,29.82,29.68,29.56,10,10,10,20,11,36,0,2,,283
11/14/15,49,46,42,28,23,20,53,44,34,30.26,30.06,29.84,10,10,10,21,8,32,0,1,,292
11/15/15,58,49,39,31,28,25,64,49,33,30.31,30.23,30.17,10,10,10,13,5,22,0,0,,255
11/16/15,67,59,51,39,34,25,50,40,29,30.34,30.21,30.16,10,10,10,14,4,19,0,0,,344
11/17/15,52,46,40,34,29,23,65,49,33,30.56,30.51,30.35,10,10,10,17,6,21,0,1,,72
11/18/15,58,52,46,50,42,34,72,65,57,30.55,30.46,30.32,10,10,10,13,5,21,0,7,,123
11/19/15,64,61,57,60,57,50,93,83,72,30.32,30.1,29.94,10,6,2,17,6,30,1.25,8,Rain,172
11/20/15,64,55,46,60,33,18,90,57,24,30.24,30.1,29.94,10,10,8,15,6,22,0,1,,296
11/21/15,53,48,42,41,30,24,63,50,36,30.29,30.17,29.94,10,10,10,16,6,22,0,2,,77
11/22/15,55,49,42,50,36,21,89,62,34,29.95,29.9,29.86,10,10,8,13,6,21,0.03,5,Rain,288
11/23/15,44,39,33,21,16,7,52,37,22,30.24,30.05,29.9,10,10,10,13,6,23,0,0,,303
11/24/15,46,39,32,23,19,15,56,45,33,30.53,30.36,30.25,10,10,10,12,4,16,0,3,,286
11/25/15,50,43,36,33,27,22,65,51,37,30.81,30.72,30.54,10,10,10,9,3,13,0,0,,348
11/26/15,60,51,41,51,42,31,86,71,55,30.82,30.74,30.63,10,10,8,8,3,14,0,1,,92
11/27/15,64,58,51,50,46,41,89,69,48,30.62,30.45,30.25,10,9,6,9,4,18,0,1,,253
11/28/15,63,53,43,52,46,37,88,77,63,,,,,,,,,,0.02,,,-1
11/29/15,48,43,37,39,28,21,87,61,39,,,,,,,,,,T,,,-1
11/30/15,45,40,34,36,30,23,70,66,62,30.4,30.36,30.31,,,,13,6,19,0,6,,62
12/01/15,51,48,44,46,43,37,93,82,70,30.32,30.18,30,,,,12,7,19,0.33,8,Rain,75