DBN,Name,M_numtested,M_mean,M_L1,M_L2,M_L3,M_L4,ELA_numtested,ELA_mean,ELA_L1,ELA_L2,ELA_L3,ELA_L4
01M015,P.S. 015 ROBERTO CLEMENTE,63,278.0317,32,25,4,2,63,278.9048,38,23,1,1
01M019,P.S. 019 ASHER LEVY,104,307.8558,27,33,28,16,103,301.2427,31,39,27,6
01M020,P.S. 020 ANNA SILVER,233,297.7682,86,67,50,30,229,289.6157,103,80,37,9
01M034,P.S. 034 FRANKLIN D. ROOSEVELT,264,297.7727,89,102,57,16,264,291.5682,97,115,40,12
01M063,THE STAR ACADEMY - P.S.63,53,300.7358,14,22,11,6,51,290,16,24,11,0
01M064,P.S. 064 ROBERT SIMON,113,293.5044,39,49,22,3,112,288.3125,53,41,18,0
01M110,P.S. 110 FLORENCE NIGHTINGALE,167,320.9162,28,38,46,55,167,306.3892,48,46,55,18
01M134,P.S. 134 HENRIETTA SZOLD,138,303.3188,32,60,33,13,138,291.6812,50,69,18,1
01M137,P.S. 137 JOHN L. BERNSTEIN,85,271.2941,54,23,6,2,80,272.55,52,24,3,1
01M140,P.S. 140 NATHAN STRAUS,257,285.1984,131,85,36,5,255,284.3098,110,119,22,4
01M142,P.S. 142 AMALIA CASTRO,155,291.6129,67,55,26,7,153,285.0719,77,60,13,3
01M184,P.S. 184M SHUANG WEN,375,343.7787,11,50,124,190,374,326.7487,27,84,167,96
01M188,P.S. 188 THE ISLAND SCHOOL,311,287.0482,137,127,35,12,302,281.7848,149,125,25,3
01M292,HENRY STREET SCHOOL FOR INTERNATIONAL STUDIES,57,260.4386,44,11,2,0,59,264.3729,44,13,2,0
01M301,"TECHNOLOGY, ARTS, AND SCIENCES STUDIO",143,277.007,92,37,12,2,139,284.5971,57,68,12,2
01M315,THE EAST VILLAGE COMMUNITY SCHOOL,75,322.9467,18,6,25,26,78,305.6538,20,18,26,14
01M332,UNIVERSITY NEIGHBORHOOD MIDDLE SCHOOL,95,276.0421,59,21,13,2,91,278.8242,43,31,13,4
01M345,"COLLABORATIVE ACADEMY OF SCIENCE, TECHNOLOGY, & LANGUAGE-ARTS EDUCATION",138,293.6812,53,61,19,5,138,293.7174,39,70,23,6
01M361,THE CHILDREN'S WORKSHOP SCHOOL,105,308.4381,24,32,34,15,104,305.625,31,31,32,10
01M363,NEIGHBORHOOD SCHOOL,74,311.2162,15,25,22,12,76,299.1711,25,28,19,4
01M364,EARTH SCHOOL,70,314.7,10,23,28,9,70,315,9,23,31,7
01M378,SCHOOL FOR GLOBAL LEADERS,219,293.9817,88,90,27,14,218,288.4174,86,104,21,7
01M450,EAST SIDE COMMUNITY SCHOOL,234,310.5897,37,110,57,30,237,305.7806,43,108,60,26
01M539,"NEW EXPLORATIONS INTO SCIENCE, TECHNOLOGY AND MATH HIGH SCHOOL",588,359.284,2,27,127,432,763,350.9043,1,38,249,475
01M839,TOMPKINS SQUARE MIDDLE SCHOOL,337,316.1543,63,109,97,68,340,309.7794,53,147,98,42
02M001,P.S. 001 ALFRED E. SMITH,211,317.7441,41,42,67,61,216,299.1528,75,70,48,23
02M002,P.S. 002 MEYER LONDON,374,326.7674,45,71,134,124,373,304.1233,98,135,102,38
02M003,P.S. 003 CHARRETTE SCHOOL,328,329.311,26,67,120,115,328,322.7744,35,95,128,70
02M006,P.S. 006 LILLIE D. BLAKE,354,341.4746,10,54,117,173,356,329.4635,18,86,158,94
02M011,P.S. 011 WILLIAM T. HARRIS,335,324.5313,45,71,114,105,331,318.1601,62,73,129,67
02M033,P.S. 033 CHELSEA PREP,233,327.0644,33,51,59,90,233,315.8369,41,67,86,39
02M040,P.S. 040 AUGUSTUS SAINT-GAUDENS,266,337.0338,13,39,103,111,265,328.1585,28,50,122,65
02M041,P.S. 041 GREENWICH VILLAGE,381,340.7402,13,59,126,183,379,328.8707,31,75,154,119
02M042,P.S. 042 BENJAMIN ALTMAN,358,344.0056,13,50,100,195,346,313.1734,59,121,119,47
02M051,P.S. 051 ELIAS HOWE,143,307.6294,36,52,31,24,140,303.0214,41,55,33,11
02M059,P.S. 059 BEEKMAN HILL INTERNATIONAL,276,338.1159,12,35,99,130,272,329.5662,24,57,110,81
02M077,P.S. 77 LOWER LAB SCHOOL,175,354.5886,7,4,38,126,176,347.5909,7,7,67,95
02M089,P.S. 89,172,334.2035,6,42,52,72,173,326.4277,12,42,80,39
02M104,J.H.S. 104 SIMON BARUCH,919,322.9151,133,241,280,265,970,314.9856,109,358,335,168
02M111,P.S. 111 ADOLPH S. OCHS,320,292.9688,135,104,60,21,307,286.4625,135,118,37,17
02M114,EAST SIDE MIDDLE SCHOOL,434,354.3203,4,32,109,289,434,336.7074,9,72,154,199
02M116,P.S. 116 MARY LINDLEY MURRAY,345,328.6812,27,72,124,122,338,322.9201,44,80,139,75
02M124,P.S. 124 YUNG WING,420,337.6929,17,65,142,196,420,322.7952,51,107,180,82
02M126,P.S. 126 JACOB AUGUST RIIS,424,325.4222,61,93,113,157,531,315.1827,74,187,167,103
02M130,P.S. 130 HERNANDO DE SOTO,431,338.9977,22,61,143,205,426,325.3052,33,136,151,106
02M131,M.S. 131,414,316.6256,74,126,133,81,381,283.168,178,140,46,17
02M150,P.S. 150,79,324.2278,7,20,30,22,78,326.1026,6,24,25,23
02M151,YORKVILLE COMMUNITY SCHOOL,151,315.351,31,38,43,39,149,307.9262,38,48,47,16
02M158,P.S. 158 BAYARD TAYLOR,328,338.8171,13,46,110,159,324,331.2901,20,67,140,97
02M167,J.H.S. 167 ROBERT F. WAGNER,1292,326.7028,164,368,349,411,1274,315.6515,133,502,404,235
02M183,P.S. 183 ROBERT L. STEVENSON,298,329.3456,29,65,81,123,290,327.1034,33,57,114,86
02M198,P.S. 198 ISADOR E. IDA STRAUS,230,305.1739,73,64,48,45,228,296.3684,92,71,51,14
02M212,P.S. 212 MIDTOWN WEST,162,336.3025,7,28,56,71,161,332.1429,5,37,70,49
02M217,P.S./I.S. 217 ROOSEVELT ISLAND,214,312.6869,51,59,56,48,200,307.5,46,73,61,20
02M225,ELLA BAKER SCHOOL,89,315.4719,10,39,28,12,89,314.0337,7,41,33,8
02M234,P.S. 234 INDEPENDENCE SCHOOL,407,332.4226,32,72,138,165,403,325.0993,40,92,173,98
02M255,M.S. 255 SALK SCHOOL OF SCIENCE,248,345.3548,13,18,73,144,370,335.6892,14,42,154,160
02M260,M.S. 260 CLINTON SCHOOL WRITERS & ARTISTS,251,329.8048,23,56,84,88,249,325.1767,13,70,94,72
02M267,"EAST SIDE ELEMENTARY SCHOOL, PS 267",24,319.9167,0,11,7,6,24,326.5417,2,4,16,2
02M276,BATTERY PARK CITY SCHOOL,474,326.2574,38,123,180,133,489,319.5828,49,159,201,80
02M289,I.S. 289,279,326.3871,25,74,108,72,280,319.7393,14,97,120,49
02M290,P.S. 290 MANHATTAN NEW SCHOOL,351,337.4701,12,63,124,152,345,330.4899,21,75,141,108
02M312,NEW YORK CITY LAB MIDDLE SCHOOL FOR COLLABORATIVE STUDIES,444,351.7095,13,33,101,297,554,335.8448,10,84,227,233
02M347,THE 47 AMERICAN SIGN LANGUAGE & ENGLISH LOWER SCHOOL,37,293.4595,15,14,6,2,37,291.2703,12,18,6,1
02M397,SPRUCE STREET SCHOOL,95,341.3368,2,15,29,49,96,323.2604,9,29,39,19
02M407,INSTITUTE FOR COLLABORATIVE EDUCATION,52,317.6154,8,20,17,7,52,322.4808,4,18,14,16
02M408,PROFESSIONAL PERFORMING ARTS HIGH SCHOOL,79,326.4937,3,28,33,15,93,329.6667,1,27,37,28
02M413,SCHOOL OF THE FUTURE HIGH SCHOOL,279,324.4803,24,89,95,71,279,317.319,19,114,104,42
02M422,QUEST TO LEARN,245,307.698,57,96,58,34,275,309.6618,42,112,88,33
02M442,"BALLET TECH, NYC PUBLIC SCHOOL FOR DANCE",143,338.4196,4,29,50,60,143,322.2727,5,54,55,29
02M655,LIFE SCIENCES SECONDARY SCHOOL,76,284.4868,38,32,6,0,77,287.3766,31,39,7,0
02M896,LOWER MANHATTAN COMMUNITY MIDDLE SCHOOL,309,316.5534,57,99,87,66,309,303.2362,61,141,83,24
03M009,P.S. 009 SARAH ANDERSON,296,340.5507,18,38,80,160,295,332.7492,24,57,109,105
03M054,J.H.S. 054 BOOKER T. WASHINGTON,564,336.5745,88,44,114,318,772,330.1192,74,108,269,321
03M075,P.S. 075 EMILY DICKINSON,273,311.5201,60,87,70,56,272,302.2279,86,106,56,24
03M076,P.S. 076 A. PHILIP RANDOLPH,254,290.1732,106,106,31,11,249,289.3896,100,105,38,6
03M084,P.S. 084 LILLIAN WEBER,203,313.4975,35,72,55,41,201,308.9453,40,90,42,29
03M087,P.S. 087 WILLIAM SHERMAN,433,340.4319,18,67,135,213,431,335.8376,20,77,178,156
03M145,"P.S. 145, THE BLOOMINGDALE SCHOOL",150,282.38,74,53,22,1,148,283.3378,84,47,13,4
03M149,P.S. 149 SOJOURNER TRUTH,168,273.5417,111,40,16,1,167,274.9222,100,57,9,1
03M163,P.S. 163 ALFRED E. SMITH,312,331.7692,31,74,72,135,313,319.0895,55,79,105,74
03M165,P.S. 165 ROBERT E. SIMON,494,288.3887,256,133,64,41,482,287.7033,202,188,75,17
03M166,P.S. 166 THE RICHARD RODGERS SCHOOL OF THE ARTS AND TECHNOLOGY,277,339.8592,24,53,48,152,275,330.8436,39,57,73,106
03M180,P.S. 180 HUGO NEWMAN,294,300.0374,95,124,42,33,316,296.5918,112,130,53,21
03M191,P.S. 191 AMSTERDAM,293,280.3345,175,86,29,3,290,284.0793,139,120,26,5
03M199,P.S. 199 JESSIE ISADOR STRAUS,399,335.8672,24,51,133,191,396,330.3586,26,83,166,121
03M208,P.S. 208 ALAIN L. LOCKE,147,282.3673,78,44,22,3,144,284.3958,69,57,16,2
03M241,STEM INSTITUTE OF MANHATTAN,34,284.5588,19,12,2,1,33,285.1515,21,8,4,0
03M242,P.S. 242 - THE YOUNG DIPLOMATS MAGNET ACADEMY,84,295.2619,33,35,10,6,83,287.9277,39,35,5,4
03M243,M.S. 243 CENTER SCHOOL,170,337,5,29,66,70,221,335.4434,2,44,85,90
03M245,M.S. M245 THE COMPUTER SCHOOL,298,318.9631,38,104,84,72,388,316.4613,27,168,128,65
03M247,M.S. M247 DUAL LANGUAGE MIDDLE SCHOOL,175,312.2114,26,70,70,9,172,296.0814,44,98,26,4
03M250,M.S. 250 WEST SIDE COLLABORATIVE MIDDLE SCHOOL,169,292.8698,59,94,13,3,170,297.8529,43,90,32,5
03M256,M.S. 256 ACADEMIC & ATHLETIC EXCELLENCE,140,270.4857,100,34,3,3,137,282.6788,68,59,8,2
03M258,COMMUNITY ACTION SCHOOL - MS 258,218,300.7064,55,124,35,4,221,292.3303,66,129,25,1
03M333,P.S. 333 MANHATTAN SCHOOL FOR CHILDREN,390,319.9692,46,122,143,79,391,319.1586,40,144,132,75
03M334,THE ANDERSON SCHOOL,354,367.1667,1,6,55,292,409,352.3472,1,26,108,274
03M415,WADLEIGH SECONDARY SCHOOL FOR THE PERFORMING & VISUAL ARTS,56,273.3929,41,13,2,0,56,282.3036,26,27,3,0
03M421,WEST PREP ACADEMY,183,288.4098,73,88,19,3,184,288.9674,64,96,20,4
03M452,P.S. 452,53,318.566,8,14,14,17,54,315.8889,12,12,22,8
03M859,SPECIAL MUSIC SCHOOL,74,350.4054,0,4,24,46,91,346.8352,0,9,31,51
03M860,FREDERICK DOUGLASS ACADEMY II SECONDARY SCHOOL,100,276.16,57,37,6,0,93,277.7204,49,33,11,0
03M862,MOTT HALL II,262,323.9122,13,86,109,54,318,317.2704,20,126,127,45
04M007,P.S. 007 SAMUEL STERN,207,292.3913,79,84,37,7,206,296.1068,58,105,36,7
04M012,TAG YOUNG SCHOLARS,347,352.5533,1,38,87,221,347,340.879,9,46,132,160
04M013,J.H.S. 013 JACKIE ROBINSON,90,272.0556,63,23,3,1,91,274.8571,53,34,4,0
04M037,RIVER EAST ELEMENTARY,94,293.8191,29,51,11,3,94,291.9574,40,36,15,3
04M038,P.S. 38 ROBERTO CLEMENTE,128,283.8984,59,50,18,1,124,283.4355,66,46,10,2
04M050,P.S. 050 VITO MARCANTONIO,202,277.9307,118,67,14,3,198,278.8737,112,73,12,1
04M057,JAMES WELDON JOHNSON,490,302.1122,134,198,111,47,487,296.9856,157,207,99,24
04M072,THE LEXINGTON ACADEMY,204,294.951,83,71,44,6,201,292.4328,77,95,27,2
04M083,P.S. 083 LUIS MUNOZ RIVERA,198,313.0657,39,56,68,35,199,309.2563,41,83,58,17
04M096,P.S. 096 JOSEPH LANZETTA,308,277.4513,191,89,26,2,307,280.1498,165,107,29,6
04M102,P.S. 102 JACQUES CARTIER,122,272.9098,79,34,9,0,123,273.3008,84,33,6,0
04M108,P.S. 108 ASSEMBLYMAN ANGELO DEL TORO EDUCATIONAL COMPLEX,468,289.8568,202,176,63,27,466,286.633,212,196,49,9
04M146,P.S. 146 ANN M. SHORT,160,272.375,112,32,12,4,161,277.7019,102,46,13,0
04M155,P.S. 155 WILLIAM PACA,158,278.8987,88,49,16,5,150,279.7067,82,54,12,2
04M171,P.S. 171 PATRICK HENRY,452,321.8119,41,165,141,105,450,310.8556,68,190,140,52
04M182,THE BILINGUAL BICULTURAL SCHOOL,168,314.2679,23,66,55,24,164,305.1341,35,82,36,11
04M206,P.S. 206 JOSE CELSO BARBOSA,369,295.4363,137,134,70,28,383,287.1697,173,147,47,16
04M224,M.S. 224 MANHATTAN EAST SCHOOL FOR ARTS & ACADEMICS,180,305.6556,40,79,47,14,179,306.257,25,83,52,19
04M372,ESPERANZA PREPARATORY ACADEMY,227,270.5463,152,65,8,2,219,276.1689,122,77,19,1
04M375,MOSAIC PREPARATORY ACADEMY,138,272.6159,92,31,13,2,133,278.391,76,42,15,0
04M377,RENAISSANCE SCHOOL OF THE ARTS,145,279.3586,86,53,6,0,146,285.9795,58,76,11,1
04M381,GLOBAL NEIGHBORHOOD SECONDARY SCHOOL,138,285.3841,63,50,22,3,134,273.5522,73,52,8,1
04M406,GLOBAL TECHNOLOGY PREPARATORY,151,285.8543,73,66,11,1,149,286.698,64,63,20,2
04M497,CENTRAL PARK EAST I,48,320.0833,4,16,19,9,47,318.6596,4,17,20,6
04M610,YOUNG WOMEN'S LEADERSHIP SCHOOL,153,304.6013,34,83,28,8,153,302.6209,25,93,30,5
04M825,ISAAC NEWTON MIDDLE SCHOOL FOR MATH & SCIENCE,292,288.2842,132,127,30,3,288,286.0521,115,132,35,6
04M964,CENTRAL PARK EAST II,81,317.8642,14,22,30,15,82,314.9268,11,34,23,14
05M030,P.S. 030 HERNANDEZ/HUGHES,109,277.5688,68,24,14,3,107,288.3178,45,44,15,3
05M036,P.S. 036 MARGARET DOUGLAS,224,292.4375,85,85,43,11,221,289.009,99,82,34,6
05M046,P.S. 046 ARTHUR TAPPAN,525,277.6971,288,162,57,18,517,279.1083,283,157,63,14
05M092,P.S. 092 MARY MCLEOD BETHUNE,104,289.4327,48,32,20,4,106,286.5377,55,30,21,0
05M123,P.S. 123 MAHALIA JACKSON,350,265.9057,266,69,14,1,346,273.1387,207,111,20,8
05M125,P.S. 125 RALPH BUNCHE,60,309.2833,11,24,16,9,59,297.4746,19,24,15,1
05M129,P.S. 129 JOHN H. FINLEY,347,285.4467,176,102,45,24,334,291.3353,134,134,53,13
05M133,P.S. 133 FRED R MOORE,119,272.3866,78,37,4,0,120,270.625,81,38,1,0
05M148,EAGLE ACADEMY FOR YOUNG MEN OF HARLEM,62,268.3226,41,18,1,2,62,283.6129,26,29,4,3
05M154,P.S. 154 HARRIET TUBMAN,132,275.9848,82,37,12,1,132,276.9924,76,39,17,0
05M161,P.S. 161 PEDRO ALBIZU CAMPOS,639,290.036,269,250,96,24,624,284.4776,292,251,62,19
05M175,P.S. 175 HENRY H GARNET,177,276.096,112,53,12,0,172,279.4651,104,52,15,1
05M194,P.S. 194 COUNTEE CULLEN,78,266.4872,53,17,7,1,76,267.1579,52,22,2,0
05M197,P.S. 197 JOHN B. RUSSWURM,134,276.3657,84,34,14,2,132,279.7803,69,46,14,3
05M200,P.S. 200- THE JAMES MCCUNE SMITH SCHOOL,241,275.8174,135,79,21,6,232,275.5,132,75,20,5
05M286,I.S. M286 RENAISSANCE LEADERSHIP ACADEMY,164,276.9573,98,46,20,0,164,280.4939,82,62,20,0
05M302,KAPPA IV,183,269.8197,134,45,3,1,180,278.1222,98,73,9,0
05M318,THURGOOD MARSHALL ACADEMY LOWER SCHOOL,113,298.3009,35,46,21,11,113,306.4071,23,54,30,6
05M362,COLUMBIA SECONDARY SCHOOL,181,339.4199,2,36,59,84,272,334.1287,2,55,108,107
05M367,ACADEMY FOR SOCIAL ACTION: A COLLEGE BOARD SCHOOL,44,255.2273,42,1,1,0,45,268.8222,33,12,0,0
05M410,THE URBAN ASSEMBLY INSTITUTE FOR NEW TECHNOLOGIES,90,268,67,19,3,1,90,271.7333,57,28,5,0
05M469,CHOIR ACADEMY OF HARLEM,44,264.6591,37,7,0,0,59,271.2712,37,21,1,0
05M499,FREDERICK DOUGLASS ACADEMY,309,280.3689,169,123,14,3,309,282.754,145,127,32,5
05M514,NEW DESIGN MIDDLE SCHOOL,275,272.0982,189,81,4,1,267,275.8989,147,102,16,2
05M670,THURGOOD MARSHALL ACADEMY FOR LEARNING AND SOCIAL CHANGE,161,300.5839,47,72,37,5,163,298.5153,36,95,27,5
06M004,P.S. 004 DUKE ELLINGTON,310,285.0516,154,112,34,10,302,281.0563,158,106,36,2
06M005,P.S. 005 ELLEN LURIE,327,281.1804,166,107,44,10,318,276.761,188,95,29,6
06M008,P.S. 008 LUIS BELLIARD,273,283.1722,139,82,35,17,266,279.4173,155,78,30,3
06M018,P.S. 018 PARK TERRACE,281,287.1352,118,111,47,5,265,270.8906,161,84,19,1
06M028,P.S. 028 WRIGHT BROTHERS,376,301.8537,110,111,105,50,365,290.7151,153,130,64,18
06M048,P.S. 048 P.O. MICHAEL J. BUCZEK,284,294.169,109,106,49,20,266,288.3797,111,110,40,5
06M052,J.H.S. 052 INWOOD,524,285.9771,250,214,57,3,502,284.6813,202,236,54,10
06M098,P.S. 098 SHORAC KAPPOCK,252,288.8889,107,80,47,18,236,277.839,122,85,26,3
06M115,P.S. 115 ALEXANDER HUMBOLDT,300,278.5033,166,98,34,2,286,276.9196,173,90,21,2
06M128,P.S. 128 AUDUBON,269,290.4907,115,95,45,14,254,286.2441,125,89,34,6
06M132,P.S. 132 JUAN PABLO DUARTE,322,275.5248,199,90,27,6,304,278.5033,169,101,30,4
06M143,J.H.S. 143 ELEANOR ROOSEVELT,412,271.4563,284,107,18,3,398,271.1533,229,141,24,4
06M152,P.S. 152 DYCKMAN VALLEY,324,291.8889,123,131,53,17,306,276.2712,190,90,25,1
06M153,P.S. 153 ADAM CLAYTON POWELL,414,281.9227,227,95,49,43,395,283.2962,203,106,70,16
06M173,P.S. 173,311,298.5659,104,88,88,31,295,286.8373,133,106,51,5
06M178,PROFESSOR JUAN BOSCH PUBLIC SCHOOL,54,307.3704,8,23,20,3,54,308.4444,12,18,19,5
06M187,P.S./I.S. 187 HUDSON CLIFFS,476,314.2563,65,192,151,68,471,309.7792,82,195,146,48
06M189,P.S. 189,512,292.2598,207,163,108,34,488,287.5615,216,178,82,12
06M192,P.S. 192 JACOB H. SCHIFF,155,290.0839,62,66,21,6,150,282.8867,78,52,18,2
06M210,P.S./I.S. 210 - TWENTY-FIRST CENTURY ACADEMY FOR COMMUNITY LEADERSHIP,282,296.5567,97,123,43,19,271,292.2841,94,132,36,9
06M218,I.S. 218 SALOME URENA,239,276.7448,138,84,16,1,222,271.6757,127,80,14,1
06M223,THE MOTT HALL SCHOOL,276,319.163,34,82,108,52,276,313.6775,31,109,100,36
06M278,PAULA HEDBAVNY SCHOOL,360,311.4917,69,132,116,43,360,303.7694,83,169,83,25
06M293,CITY COLLEGE ACADEMY OF THE ARTS,246,317.5691,31,94,88,33,247,305.4858,32,143,57,15
06M311,AMISTAD DUAL LANGUAGE SCHOOL,261,302.6628,65,125,57,14,260,300.95,62,122,66,10
06M314,MUSCOTA,115,308.1739,23,41,35,16,115,307.8,25,41,43,6
06M319,M.S. 319 - MARIA TERESA,601,293.8369,198,312,80,11,579,283.0259,254,270,49,6
06M322,MIDDLE SCHOOL 322,378,281.6905,216,111,44,7,339,276.3304,182,118,33,6
06M324,M.S. 324 - PATRIA MIRABAL,385,297.0494,129,158,79,19,407,285.9042,169,181,48,9
06M325,P.S. 325,151,283.0066,74,47,27,3,134,278.8507,82,34,18,0
06M326,M.S. 326 - WRITERS TODAY & LEADERS TOMORROW,270,275.1815,168,84,17,1,238,272.7353,141,77,18,2
06M328,M.S. 328 - MANHATTAN MIDDLE SCHOOL FOR SCIENTIFIC INQUIRY,281,267.6904,198,74,8,1,266,271.906,155,100,10,1
06M346,COMMUNITY HEALTH ACADEMY OF THE HEIGHTS,227,286.2203,112,97,15,3,228,287.1096,81,120,20,7
06M348,WASHINGTON HEIGHTS EXPEDITIONARY LEARNING SCHOOL,264,307.197,52,128,74,10,262,294.7786,70,146,42,4
06M349,HARBOR HEIGHTS,158,269.6392,114,40,4,0,124,250.0081,111,12,1,0
06M366,WASHINGTON HEIGHTS ACADEMY,178,308.7416,37,77,39,25,177,301.0113,54,71,39,13
06M368,HAMILTON HEIGHTS SCHOOL,55,292.5273,24,21,6,4,54,290.1481,21,21,10,2
06M528,I.S. 528 BEA FULLER RODGERS SCHOOL,217,277.5115,125,81,11,0,210,285.8952,86,106,13,5
07X001,P.S. 001 COURTLANDT SCHOOL,317,288.2997,137,113,52,15,306,283.5621,155,106,43,2
07X005,PS 5 PORT MORRIS,387,275.7804,231,125,27,4,386,282.9378,193,152,36,5
07X018,P.S. 018 JOHN PETER ZENGER,268,281.0037,134,91,38,5,266,273.4436,181,66,15,4
07X025,P.S. 025 BILINGUAL SCHOOL,194,293.1289,72,68,39,15,184,282.1793,92,59,30,3
07X029,P.S./M.S. 029 MELROSE SCHOOL,433,272.1478,297,98,30,8,445,273.8472,268,145,29,3
07X030,P.S. 030 WILTON,239,282.6444,128,72,34,5,233,280.9528,137,68,26,2
07X031,P.S./M.S. 031 THE WILLIAM LLOYD GARRISON,396,277.2323,236,124,30,6,389,273.545,240,119,24,6
07X043,P.S. 043 JONAS BRONCK,207,293.0483,84,73,39,11,200,287.415,94,79,24,3
07X049,P.S. 049 WILLIS AVENUE,307,287.4658,145,112,32,18,299,276.9498,177,91,28,3
07X065,P.S. 065 MOTHER HALE ACADEMY,185,276.1514,120,57,6,2,186,268.871,123,54,9,0
07X151,J.H.S. 151 LOU GEHRIG,277,270.5126,182,86,7,2,259,272.556,154,94,10,1
07X154,P.S. 154 JONATHAN D. HYATT,203,277.1527,115,63,21,4,201,277.3184,119,67,15,0
07X157,P.S. 157 GROVE HILL,301,291.9668,116,124,48,13,297,287.3401,139,122,33,3
07X161,P.S. 161 PONCE DE LEON,243,285.5514,115,90,35,3,237,281.8354,133,80,23,1
07X162,J.H.S. 162 LOLA RODRIGUEZ DE TIO,371,270.4744,256,92,20,3,352,271.9034,215,122,14,1
07X179,P.S. 179,162,293.0247,63,60,28,11,163,290.0798,71,62,28,2
07X203,M.S. 203,151,261.2119,131,20,0,0,164,264.8476,120,42,2,0
07X221,SOUTH BRONX PREPARATORY: A COLLEGE BOARD SCHOOL,277,295.2058,100,127,37,13,277,287.2166,118,130,27,2
07X223,M.S. 223 THE LABORATORY SCHOOL OF FINANCE AND TECHNOLOGY,307,305.3713,68,131,86,22,336,301.131,73,171,74,18
07X224,P.S. / I.S. 224,325,278.4369,196,109,16,4,317,271.7981,188,116,11,2
07X277,P.S. 277,201,291.3483,78,72,46,5,200,285.33,96,85,17,2
07X296,SOUTH BRONX ACADEMY FOR APPLIED MEDIA,350,272.6629,240,102,7,1,350,278.6429,186,138,24,2
07X298,ACADEMY OF PUBLIC RELATIONS,340,269.1176,246,81,11,2,328,268.8994,206,105,15,2
07X343,ACADEMY OF APPLIED MATHEMATICS AND TECHNOLOGY,279,291.2437,113,104,47,15,278,283.7986,121,122,28,7
07X369,YOUNG LEADERS ELEMENTARY SCHOOL,139,272.0432,96,30,11,2,136,265.6324,102,29,4,1
07X385,PERFORMANCE SCHOOL,215,270.7349,147,47,15,6,208,269.5048,144,51,12,1
07X500,HOSTOS-LINCOLN ACADEMY OF SCIENCE,159,284.7233,80,66,11,2,185,287.9243,77,81,23,4
07X551,THE URBAN ASSEMBLY BRONX ACADEMY OF LETTERS,230,269.9609,171,50,9,0,233,271.3262,153,71,7,2
08X014,P.S. X014 SENATOR JOHN CALANDRA,316,307.4177,64,127,78,47,316,301.9778,88,130,83,15
08X036,P.S. 036 UNIONPORT,298,310.2383,74,97,69,58,292,298.4281,99,111,66,16
08X048,P.S. 048 JOSEPH R. DRAKE,327,281.8624,177,114,27,9,319,274.2602,197,94,24,4
08X062,P.S. 062 INOCENSIO CASANOVA,312,289.7981,132,121,44,15,303,280.7327,166,108,26,3
08X069,P.S. 069 JOURNEY PREP SCHOOL,233,317.0429,33,80,72,48,229,303.6376,49,95,80,5
08X071,P.S. 071 ROSE E. SCALA,1159,309.1277,263,413,296,187,1162,301.2625,309,489,277,87
08X072,P.S. 072 DR. WILLIAM DORNEY,361,297.9252,121,143,64,33,363,288.9642,164,143,44,12
08X075,P.S. 75 SCHOOL OF RESEARCH AND DISCOVERY,242,298.405,88,76,49,29,239,291.7322,99,90,44,6
08X093,P.S. 093 ALBERT G. OLIVER,164,290.2683,62,66,31,5,159,290.2893,61,74,23,1
08X100,P.S. 100 ISAAC CLASON,273,287.8095,119,113,35,6,271,287.4834,126,105,33,7
08X101,M.S. X101 EDWARD R. BYRNE,400,302.4575,130,147,66,57,473,310.3552,64,202,138,69
08X107,P.S. 107,230,281.787,127,79,20,4,230,284.5565,123,78,24,5
08X119,P.S. 119,448,296.8973,164,142,88,54,436,290.9885,189,150,77,20
08X123,J.H.S. 123 JAMES M. KIERAN,460,271.1804,319,125,12,4,448,278.3371,239,172,31,6
08X125,J.H.S. 125 HENRY HUDSON,431,271.4872,298,114,18,1,439,281.7836,204,188,43,4
08X130,P.S. 130 ABRAM STEVENS HEWITT,228,286.6886,106,83,33,6,221,280.1448,126,75,19,1
08X131,J.H.S. 131 ALBERT EINSTEIN,694,276.3112,429,222,36,7,686,284.0918,293,314,59,20
08X138,P.S. 138 SAMUEL RANDALL,367,290.0082,161,130,64,12,370,291.0432,166,121,72,11
08X140,P.S. X140 THE EAGLE SCHOOL,282,287.9433,129,103,42,8,279,279.129,154,102,21,2
08X146,P.S. 146 EDWARD COLLINS,169,292.929,61,62,37,9,166,287.6747,79,62,22,3
08X152,P.S. 152 EVERGREEN,421,291.4466,189,130,80,22,414,284.2174,202,153,55,4
08X182,P.S. 182,408,308.0931,89,154,105,60,405,302.4716,115,167,98,25
08X269,BRONX STUDIO SCHOOL FOR WRITERS AND ARTISTS,218,283.5183,114,82,19,3,221,279.267,100,102,17,2
08X301,M.S. 301 PAUL L. DUNBAR,211,268.4929,155,52,4,0,210,267.2238,143,57,9,1
08X302,M.S. 302 LUISA DESSUS CRUZ,567,277.7478,341,149,53,24,549,274.9563,316,180,49,4
08X304,P.S. 304 EARLY CHILDHOOD SCHOOL,241,321.0415,37,59,78,67,242,313.4421,39,87,79,37
08X333,P.S. 333 - THE MUSEUM SCHOOL,183,274.7104,111,58,13,1,177,279.4181,107,60,9,1
08X335,THE ACADEMY OF THE ARTS,116,289.1207,55,34,17,10,114,284.9825,60,42,11,1
08X337,THE SCHOOL FOR INQUIRY AND SOCIAL JUSTICE,280,305.3,68,120,64,28,280,296.0893,77,137,60,6
08X366,URBAN ASSEMBLY ACADEMY OF CIVIC ENGAGEMENT,168,275.4226,107,55,6,0,162,280.4815,80,68,12,2
08X367,"ARCHIMEDES ACADEMY FOR MATH, SCIENCE AND TECHNOLOGY APPLICATIONS",271,292.8745,108,106,47,10,271,291.2362,91,126,44,10
08X371,URBAN INSTITUTE OF MATHEMATICS,251,296.5259,96,100,44,11,273,298.8388,67,126,63,17
08X375,THE BRONX MATHEMATICS PREPARATORY SCHOOL,250,265.732,195,50,5,0,254,275.7205,149,90,14,1
08X376,ANTONIA PANTOJA PREPARATORY ACADEMY: A COLLEGE BOARD SCHOOL,210,289.6905,96,81,25,8,211,290.2038,82,90,31,8
08X424,THE HUNTS POINT SCHOOL,360,267.4361,263,84,13,0,343,271.5948,205,125,13,0
08X448,SOUNDVIEW ACADEMY FOR CULTURE AND SCHOLARSHIP,296,280.9561,167,100,23,6,305,282.0754,149,122,24,10
08X467,MOTT HALL COMMUNITY SCHOOL,213,277.1221,131,65,15,2,244,284.9467,109,97,35,3
08X562,BLUEPRINT MIDDLE SCHOOL,192,280.401,110,60,19,3,191,276.801,108,68,14,1
09X004,P.S./M.S. 004 CROTONA PARK WEST,315,301.9365,84,128,80,23,307,287.0879,136,127,38,6
09X011,P.S. 011 HIGHBRIDGE,381,285.2992,181,139,50,11,368,287.5598,161,152,47,8
09X022,J.H.S. 022 JORDAN L. MOTT,502,264.2211,386,109,7,0,504,269.9762,321,152,28,3
09X028,P.S. 028 MOUNT HOPE,338,287.0976,160,104,52,22,319,286.2508,145,132,32,10
09X035,P.S. 035 FRANZ SIEGEL,304,298.3191,105,98,68,33,292,296.411,95,128,64,5
09X042,P.S. 042 CLAREMONT,202,276.4703,123,58,18,3,196,279.9796,108,74,13,1
09X053,P.S. 053 BASHEER QUISIM,614,302.43,181,230,125,78,603,289.7778,280,216,79,28
09X055,P.S. 055 BENJAMIN FRANKLIN,322,283.5963,147,127,40,8,324,270.858,216,86,21,1
09X058,P.S. 058,196,277.75,112,60,14,10,185,274.6595,116,54,12,3
09X063,P.S. 063 AUTHOR'S ACADEMY,239,304.7322,68,89,48,34,234,302.4103,63,95,63,13
09X064,P.S. 064 PURA BELPRE,452,269.677,318,110,22,2,441,265.0907,341,85,11,4
09X070,P.S. 070 MAX SCHOENFELD,657,280.723,372,189,70,26,638,274.0125,398,172,58,10
09X073,P.S. 073 BRONX,394,274.7792,244,105,33,12,372,277.9597,216,126,25,5
09X088,P.S. X088 - S. SILVERSTEIN LITTLE SPARROW SCHOOL,45,298.3778,11,21,11,2,45,296.4444,15,20,10,0
09X109,P.S. 109 SEDGWICK,385,281.2442,189,141,44,11,374,285.7781,182,136,45,11
09X110,P.S. 110 THEODORE SCHOENFELD,183,295.6776,64,78,30,11,178,286.2921,91,65,19,3
09X114,P.S. X114 - LUIS LLORENS TORRES SCHOOLS,465,273.4968,297,106,48,14,439,271.6241,304,99,29,7
09X117,I.S. 117 JOSEPH H. WADE,616,267.2078,456,127,27,6,586,271.9078,371,186,25,4
09X126,P.S. 126 DR MARJORIE H DUNBAR,303,285.2772,149,119,28,7,288,289.3021,132,107,42,7
09X128,MOTT HALL III,350,309.3657,61,156,94,39,350,302.1457,68,175,84,23
09X132,P.S. 132 GARRET A. MORGAN,221,283.6063,108,89,22,2,220,277.9909,130,77,13,0
09X145,J.H.S. 145 ARTURO TOSCANINI,387,266.4134,292,90,5,0,385,272.7792,215,143,25,2
09X163,P.S. 163 ARTHUR A. SCHOMBURG,294,285.8605,137,105,41,11,277,284.7112,132,102,40,3
09X199,P.S. 199X - THE SHAKESPEARE SCHOOL,354,287.5113,157,124,56,17,341,283.1525,179,106,53,3
09X204,P.S. 204 MORRIS HEIGHTS,263,299.0076,71,116,62,14,258,296.9302,86,112,55,5
09X215,KAPPA,256,300.0508,87,109,37,23,324,298.0617,82,167,60,15
09X218,P.S./I.S. 218 RAFAEL HERNANDEZ DUAL LANGUAGE MAGNET SCHOOL,521,298.7562,160,236,92,33,548,295.0693,181,263,83,21
09X219,I.S. 219 NEW VENTURE SCHOOL,323,266.8669,247,68,6,2,322,267.4969,210,98,12,2
09X229,I.S. 229 ROLAND PATTERSON,207,276.3816,132,49,19,7,200,276.125,111,79,6,4
09X230,P.S. 230 DR ROLAND N. PATTERSON,190,274.9474,124,42,20,4,189,283.7302,92,72,24,1
09X231,EAGLE ACADEMY FOR YOUNG MEN,183,277.5301,109,68,6,0,209,287.1388,71,115,20,3
09X232,I.S. 232,435,279.1908,241,169,24,1,499,276.9579,274,182,34,9
09X236,P.S. 236 LANGSTON HUGHES,145,277.6966,76,43,22,4,144,278.5208,84,48,11,1
09X241,"URBAN ASSEMBLY SCHOOL FOR APPLIED MATH AND SCIENCE, THE",207,292.2512,91,81,22,13,244,284.1639,117,97,28,2
09X303,I.S. X303 LEADERSHIP & COMMUNITY SERVICE,299,289.7191,131,121,41,6,299,290.291,105,149,40,5
09X313,I.S. 313 SCHOOL OF LEADERSHIP DEVELOPMENT,340,272.6824,226,95,18,1,321,269.3022,204,105,11,1
09X323,BRONX WRITING ACADEMY,459,274.9891,275,151,30,3,433,277.6767,228,158,39,8
09X324,BRONX EARLY COLLEGE ACADEMY FOR TEACHING & LEARNING,212,274.6085,129,71,7,5,214,277.528,125,70,14,5
09X325,URBAN SCIENCE ACADEMY,367,267.7548,264,93,9,1,337,274.5519,197,119,19,2
09X327,COMPREHENSIVE MODEL SCHOOL PROJECT M.S. 327,307,327.8306,29,87,109,82,305,297.1836,81,157,49,18
09X328,NEW MILLENNIUM BUSINESS ACADEMY MIDDLE SCHOOL,180,273.75,122,50,7,1,180,275.0111,95,77,8,0
09X339,I.S. 339,572,274.2762,373,165,29,5,548,274.9909,320,196,27,5
09X350,NEW DIRECTIONS SECONDARY SCHOOL,72,256.25,65,7,0,0,70,255.1143,62,7,1,0
09X361,THE HIGHBRIDGE GREEN SCHOOL,137,270.1898,87,46,4,0,137,281.2847,58,68,10,1
09X413,BRONX HIGH SCHOOL FOR MEDICAL SCIENCE,158,299.1139,55,58,30,15,158,292.9494,43,88,24,3
09X443,THE FAMILY SCHOOL,260,284.4269,131,88,32,9,244,275.8975,151,68,22,3
09X449,GRANT AVENUE ELEMENTARY SCHOOL,169,286.2012,80,57,20,12,169,279.645,99,56,13,1
09X454,SCIENCE AND TECHNOLOGY ACADEMY: A MOTT HALL SCHOOL,403,304.2184,109,156,98,40,378,295.8069,121,166,72,19
09X457,SHERIDAN ACADEMY FOR YOUNG LEADERS,284,290.2113,118,98,52,16,280,278.9321,168,86,21,5
09X505,"BRONX SCHOOL FOR LAW, GOVERNMENT AND JUSTICE",252,306.4405,62,102,68,20,253,305.1502,39,131,63,20
09X568,YOUNG WOMEN'S LEADERSHIP SCHOOL OF THE BRONX,165,310.4242,27,73,52,13,164,300.0732,33,94,26,11
10X003,P.S. 3 RAUL JULIA MICRO SOCIETY,175,299.32,52,76,40,7,195,291.1385,70,93,28,4
10X007,MILTON FEIN SCHOOL,446,318.8991,94,123,97,132,433,303.843,136,138,107,52
10X008,P.S. 008 ISSAC VARIAN,541,300.9926,170,195,115,61,523,295.5335,183,212,103,25
10X009,P.S. 9 RYER AVENUE ELEMENTARY SCHOOL,377,286.366,172,133,54,18,363,278.3829,206,112,41,4
10X015,P.S. X015 INSTITUTE FOR ENVIRONMENTAL LEARNING,355,309.1775,78,127,88,62,355,296.631,112,155,73,15
10X020,"PS/MS 20 P.O.GEORGE J. WERDANN, III",611,292.2962,241,240,104,26,605,289.8529,250,252,84,19
10X023,P.S. 023 THE NEW CHILDREN'S SCHOOL,273,274.6886,168,88,16,1,269,275.197,175,78,15,1
10X024,P.S. 024 SPUYTEN DUYVIL,416,316.625,72,117,134,93,414,312.1787,76,129,159,50
10X032,P.S. 032 BELMONT,378,297.3307,115,161,86,16,372,297.7204,129,144,77,22
10X033,P.S. 033 TIMOTHY DWIGHT,467,286.4004,231,152,63,21,435,279.6437,250,139,42,4
10X037,P.S. X037 - MULTIPLE INTELLIGENCE SCHOOL,449,295.7706,157,189,76,27,435,285.8621,189,199,37,10
10X045,THOMAS C. GIORDANO MIDDLE SCHOOL 45,711,278.782,395,252,60,4,752,286.7088,322,305,91,34
10X046,P.S. 046 EDGAR ALLAN POE,626,279.1597,358,171,68,29,605,270.0727,392,163,44,6
10X051,P.S. 051 BRONX NEW SCHOOL,106,311.2547,21,34,37,14,108,311.963,15,49,34,10
10X054,P.S. / I.S. 54,214,282.486,112,80,20,2,206,282.7282,101,88,15,2
10X056,P.S. 056 NORWOOD HEIGHTS,342,316.8684,62,97,100,83,339,305.174,95,114,98,32
10X059,P.S. 059 THE COMMUNITY SCHOOL OF TECHNOLOGY,215,283.7535,107,69,34,5,209,276.6986,127,70,10,2
10X080,J.H.S. 080 THE MOSHOLU PARKWAY,627,274.7783,409,187,24,7,583,271.4357,374,179,26,4
10X081,P.S. 081 ROBERT J. CHRISTEN,276,314.0761,55,84,83,54,272,305.8934,63,116,72,21
10X085,P.S. 085 GREAT EXPECTATIONS,512,270.2949,353,123,32,4,491,268.2179,362,107,20,2
10X086,P.S. 086 KINGSBRIDGE HEIGHTS,878,307.3109,218,306,212,142,847,293.6812,320,335,138,54
10X091,P.S. 091 BRONX,270,292.2222,105,91,56,18,263,283.8061,143,80,35,5
10X094,P.S. 094 KINGS COLLEGE SCHOOL,558,277.6093,333,154,57,14,538,279.1543,296,181,56,5
10X095,P.S. 095 SHEILA MENCHER,819,291.8547,342,317,129,31,827,290.1318,320,342,151,14
10X118,J.H.S. 118 WILLIAM W. NILES,1151,297.6221,418,367,259,107,1145,293.1144,392,432,233,88
10X141,RIVERDALE / KINGSBRIDGE ACADEMY (MIDDLE SCHOOL / HIGH SCHOOL 141),600,304.8967,159,237,135,69,659,304.8103,142,281,159,77
10X159,P.S. 159 LUIS MUNOZ MARIN BILING,110,296.5909,41,37,24,8,108,288.8519,48,45,10,5
10X205,P.S. 205 FIORELLO LAGUARDIA,469,300.4222,139,194,92,44,457,293.9365,172,208,69,8
10X206,I.S. 206 ANN MERSEREAU,303,279.198,177,107,16,3,290,270.731,183,99,7,1
10X225,THEATRE ARTS PRODUCTION COMPANY SCHOOL,207,298.401,53,117,30,7,210,292.6048,77,92,35,6
10X226,P.S. 226,235,286.617,108,90,33,4,225,286.4311,107,89,28,1
10X228,JONAS BRONCK ACADEMY,243,305.7449,48,131,51,13,244,306.5697,33,127,67,17
10X243,WEST BRONX ACADEMY FOR THE FUTURE,222,279.0225,133,81,8,0,250,284.424,99,127,22,2
10X244,THE NEW SCHOOL FOR LEADERSHIP AND JOURNALISM,710,299.3296,228,334,111,37,733,290.7203,264,314,126,29
10X246,P.S. 246 POE CENTER,339,288.7581,156,114,57,12,327,274.0581,213,85,26,3
10X254,I.S. 254,421,280.9097,245,104,54,18,402,276.2612,219,150,30,3
10X279,"P.S. 279 CAPTAIN MANUEL RIVERA, JR.",676,284.7027,348,228,77,23,656,279.3918,366,230,48,12
10X280,P.S./M.S. 280 MOSHOLU PARKWAY,579,298.5354,194,212,125,48,570,293.8123,212,225,110,23
10X291,P.S. 291,326,297.9571,106,120,73,27,316,289.2595,131,128,50,7
10X306,P.S. 306,362,281.5387,196,114,39,13,351,278.3191,210,108,27,6
10X307,LUISA PINEIRO FUENTES SCHOOL OF SCIENCE AND DISCOVERY,178,297.4607,55,65,47,11,174,293.2471,67,68,35,4
10X308,BRONX DANCE ACADEMY SCHOOL,218,300.8532,66,89,50,13,218,295.6009,58,113,41,6
10X310,P.S. 310 MARBLE HILL,336,298.5625,101,124,84,27,322,288.9969,135,132,52,3
10X315,P.S. 315 LAB SCHOOL,180,300.8722,62,49,51,18,179,293.4581,58,76,36,9
10X331,THE BRONX SCHOOL OF YOUNG LEADERS,345,277.9884,203,118,19,5,340,277.0147,177,143,17,3
10X340,P.S. 340,279,296.2509,94,100,62,23,273,293.4652,107,111,47,8
10X342,INTERNATIONAL SCHOOL FOR LIBERAL ARTS,155,281.6323,83,60,9,3,143,267.0979,95,41,6,1
10X344,AMPARK NEIGHBORHOOD,115,311.713,23,34,37,21,115,312.9652,20,41,37,17
10X360,P.S. 360,245,281.6041,132,80,27,6,241,288.5934,105,93,35,8
10X363,ACADEMY FOR PERSONAL LEADERSHIP AND EXCELLENCE,359,269.3231,263,87,9,0,363,277.9063,191,149,18,5
10X368,IN-TECH ACADEMY (M.S. / HIGH SCHOOL 368),425,279.0659,254,127,38,6,441,284.5533,190,189,49,13
10X382,"ELEMENTARY SCHOOL FOR MATH, SCIENCE, AND TECHNOLOGY",162,290.1852,72,57,26,7,159,281.9623,83,66,8,2
10X386,SCHOOL FOR ENVIRONMENTAL CITIZENSHIP,192,290.1146,79,66,35,12,181,284.3923,89,67,22,3
10X390,M.S. 390,385,282.4831,185,146,48,6,374,276.0374,200,144,25,5
10X391,THE ANGELO PATRI MIDDLE SCHOOL,567,270.9947,396,129,33,9,524,269.8111,339,146,34,5
10X396,P.S. 396,160,288.8438,70,54,26,10,154,287.8312,71,55,25,3
10X447,CRESTON ACADEMY,455,293.7978,151,229,59,16,436,281.4954,214,189,32,1
10X459,EAST FORDHAM ACADEMY FOR THE ARTS,332,272.8645,217,100,15,0,335,273.9075,198,118,17,2
11X016,P.S. 016 WAKEFIELD,277,294.6029,108,96,53,20,271,287.3026,132,96,38,5
11X019,P.S. 019 JUDITH K. WEISS,339,315.9145,59,107,108,65,338,304.6183,84,129,94,31
11X021,P.S. 021 PHILIP H. SHERIDAN,320,284.8,160,105,49,6,315,282.2508,171,110,29,5
11X041,P.S. 041 GUN HILL ROAD,419,292.4749,173,131,85,30,412,289.2451,181,139,79,13
11X068,P.S. 068 BRONX,376,293.4495,154,134,66,22,379,289.4617,169,140,60,10
11X076,P.S. 076 THE BENNINGTON SCHOOL,533,298.2758,167,211,116,39,522,286.4349,249,186,74,13
11X078,P.S. 078 ANNE HUTCHINSON,353,282.5836,192,111,43,7,352,282.4773,186,127,34,5
11X083,P.S. 083 DONALD HERTZ,1199,304.9433,319,476,252,152,1205,298.6996,352,520,241,92
11X087,P.S. 087 BRONX,302,291.6523,126,106,50,20,301,289.485,122,134,40,5
11X089,P.S. 089 BRONX,839,287.708,389,320,100,30,862,285.3701,387,346,109,20
11X096,P.S. 096 RICHARD RODGERS,491,306.4969,128,172,109,82,479,293.5198,188,183,89,19
11X097,P.S. 097 BRONX,334,297.8413,118,121,69,26,332,295.5873,110,141,74,7
11X103,P.S. 103 HECTOR FONTANEZ,482,283.3651,252,154,58,18,478,284.6339,244,145,79,10
11X105,P.S. 105 SEN ABRAHAM BERNSTEIN,684,299.1126,182,313,158,31,665,292.9729,258,283,111,13
11X106,P.S. 106 PARKCHESTER,566,303.1466,160,206,136,64,550,292.1018,219,217,99,15
11X108,P.S. 108 PHILIP J. ABINANTI,240,315.3,35,81,84,40,234,306.4915,57,91,67,19
11X111,P.S. 111 SETON FALLS,308,282.2565,166,95,40,7,302,280.5497,173,90,34,5
11X112,P.S. 112 BRONXWOOD,232,285.1767,116,100,14,2,231,279.7965,136,80,14,1
11X121,P.S. 121 THROOP,488,309.9221,113,167,128,80,485,300.8598,157,178,113,37
11X127,J.H.S. 127 THE CASTLE HILL,670,297.209,250,255,107,58,716,292.1439,249,313,115,39
11X142,MS 142 JOHN PHILIP SOUSA,192,272.4792,140,45,7,0,189,276.0106,120,58,10,1
11X144,J.H.S. 144 MICHELANGELO,609,276.89,369,208,29,3,662,280.5574,317,278,60,7
11X153,P.S. 153 HELEN KELLER,312,313.6474,78,76,77,81,309,310.9417,76,92,86,55
11X160,P.S. 160 WALT DISNEY,165,285.6485,76,61,19,9,162,292.7099,65,59,26,12
11X169,BAYCHESTER ACADEMY,209,305.3254,55,74,51,29,207,298.8357,69,77,51,10
11X175,P.S. 175 CITY ISLAND,223,315.287,36,74,71,42,221,308.7647,39,100,57,25
11X178,P.S. 178 - DR. SELMAN WAKSMAN,225,307.3733,38,94,74,19,224,296.433,77,92,45,10
11X180,M.S. 180 DR. DANIEL HALE WILLIAMS,741,298.8178,226,343,136,36,829,300.772,186,397,188,58
11X181,I.S. 181 PABLO CASALS,756,299.336,288,237,133,98,850,299.1106,244,355,178,73
11X189,CORNERSTONE ACADEMY FOR SOCIAL ACTION,168,295.1429,53,70,33,12,164,290.5061,66,73,21,4
11X194,PS/MS 194,892,308.5796,213,325,208,146,937,295.9349,292,404,187,54
11X272,GLOBE SCHOOL FOR ENVIRONMENTAL RESEARCH,269,277.368,157,90,17,5,266,277.1955,157,89,19,1
11X287,THE FORWARD SCHOOL,235,273.7915,154,66,14,1,235,277.3106,124,88,18,5
11X289,THE YOUNG SCHOLARS ACADEMY OF THE BRONX,313,277.5527,190,87,30,6,305,273.2131,184,102,17,2
11X326,BRONX GREEN MIDDLE SCHOOL,367,283.0926,190,147,25,5,387,279.0103,214,140,30,3
11X355,BRONX ALLIANCE MIDDLE SCHOOL,104,268.1346,71,25,6,2,101,276.9208,60,34,3,4
11X370,SCHOOL OF DIPLOMACY,266,277.8609,157,95,12,2,260,273.7885,154,84,21,1
11X462,CORNERSTONE ACADEMY FOR SOCIAL ACTION MIDDLE SCHOOL (CASA),243,292.8436,96,105,37,5,241,285.0913,94,126,19,2
11X468,PELHAM ACADEMY OF ACADEMICS AND COMMUNITY ENGAGEMENT,310,287.7613,150,116,38,6,307,289.0749,114,141,41,11
11X498,PS/MS 11X498 - VAN NEST ACADEMY,355,307.5014,78,146,94,37,357,303.1905,81,160,87,29
11X529,ONE WORLD MIDDLE SCHOOL AT EDENWALD,331,289.5861,150,132,41,8,330,284.1545,134,159,32,5
11X532,BAYCHESTER MIDDLE SCHOOL,272,293.5478,99,108,49,16,273,281.1905,131,111,26,5
11X556,BRONX PARK MIDDLE SCHOOL,264,277.4545,162,88,11,3,252,274.5992,149,89,13,1
11X566,PELHAM GARDENS MIDDLE SCHOOL,296,284.8041,142,125,26,3,295,283.3119,127,138,24,6
12X006,P.S. 006 WEST FARMS,252,284.5635,120,82,43,7,253,274.1265,159,76,16,2
12X044,P.S. 044 DAVID C. FARRAGUT,123,290.2764,52,47,14,10,121,287.6942,52,48,18,3
12X047,P.S. 047 JOHN RANDOLPH,539,280.6197,287,171,69,12,526,281.0114,288,180,50,8
12X050,P.S. 050 CLARA BARTON,176,271.9318,116,42,14,4,172,273.1047,106,55,10,1
12X057,P.S. 057 CRESCENT,250,284.264,121,95,29,5,245,283.6286,117,90,35,3
12X061,P.S. 061 FRANCISCO OLLER,183,295.0546,62,77,30,14,182,285.8297,94,61,26,1
12X066,P.S. 066 SCHOOL OF HIGHER EXPECTATIONS,265,287.6981,108,113,37,7,254,285.689,125,102,23,4
12X067,P.S. 067 MOHEGAN SCHOOL,316,283.8987,164,112,31,9,310,282.3871,168,116,23,3
12X092,P.S. 092 BRONX,226,261.6681,178,40,7,1,212,266.7547,159,44,9,0
12X098,J.H.S. 098 HERMAN RIDDER,282,290.5957,119,107,49,7,268,268.5896,167,90,10,1
12X129,M.S. 129 ACADEMY FOR INDEPENDENT LEARNING AND LEADERSHIP,460,289.1174,202,177,63,18,453,284.2804,198,201,41,13
12X134,P.S. 134 GEORGE F. BRISTOW,307,283.557,158,92,40,17,304,291.0362,115,121,62,6
12X150,P.S. 150 CHARLES JAMES FOX,425,287.7788,201,140,63,21,418,281.5933,223,132,57,6
12X190,E.S.M.T- I.S. 190,218,288.2982,105,97,12,4,234,285.9872,107,99,24,4
12X195,P.S. 195,373,282.7802,196,128,35,14,369,273.5014,238,98,32,1
12X196,P.S. 196,432,293.8611,172,146,83,31,418,288.1962,199,140,69,10
12X211,P.S. 211,373,280.555,209,121,36,7,359,273.7159,209,114,29,7
12X212,P.S. 212,289,269.9031,200,75,13,1,275,276.6945,162,97,16,0
12X214,P.S. 214,614,286.7622,330,148,79,57,643,282.0373,335,210,77,21
12X217,SCHOOL OF PERFORMING ARTS,318,270.217,220,85,11,2,310,274.4323,183,108,18,1
12X242,MOTT HALL V,288,282.8299,157,91,34,6,289,283.128,131,120,33,5
12X267,BRONX LATIN,201,288.8308,83,89,25,4,225,288.9911,83,109,32,1
12X271,EAST BRONX ACADEMY FOR THE FUTURE,240,285.625,122,81,29,8,235,279.166,123,94,18,0
12X273,FREDERICK DOUGLASS ACADEMY V. MIDDLE SCHOOL,223,290.009,86,111,26,0,223,284.3139,103,100,18,2
12X286,FANNIE LOU HAMER MIDDLE SCHOOL,235,282.7872,126,85,20,4,231,281.987,108,104,18,1
12X300,THE SCHOOL OF SCIENCE AND APPLIED LEARNING,255,281.4667,135,85,30,5,247,280.2429,138,83,22,4
12X316,KAPPA III,308,303.2922,93,121,65,29,308,294.0487,94,153,49,12
12X318,"I.S. X318 MATH, SCIENCE & TECHNOLOGY THROUGH ARTS",307,279.8567,186,89,22,10,299,280.1137,153,125,16,5
12X341,ACCION ACADEMY,160,271.9,99,54,6,1,160,281.4063,76,64,17,3
12X372,URBAN ASSEMBLY SCHOOL FOR WILDLIFE CONSERVATION,196,289.2449,88,77,28,3,192,290.6563,78,78,25,11
12X383,EMOLIOR ACADEMY,233,287.176,111,77,38,7,228,280.3947,109,95,21,3
12X384,ENTRADA ACADEMY,292,263.8733,213,68,8,3,281,265.1032,190,72,17,2
12X463,URBAN SCHOLARS COMMUNITY SCHOOL,141,269.9078,93,42,6,0,138,268.6522,101,34,2,1
12X531,ARCHER ELEMENTARY SCHOOL,140,277.0571,75,46,16,3,137,278.8978,84,37,13,3
12X536,PS 536,115,287.9478,47,47,14,7,110,290.1182,43,45,22,0
12X691,BRONX LITTLE SCHOOL,181,297.2818,63,64,37,17,178,285.5674,89,58,30,1
13K003,P.S. 003 THE BEDFORD VILLAGE,215,292.6605,86,74,36,19,213,294.1549,89,69,43,12
13K008,P.S. 008 ROBERT FULTON,392,322.0765,50,105,129,108,388,321.5361,44,121,131,92
13K009,P.S. 009 TEUNIS G. BERGEN,249,312.1968,62,66,56,65,249,315.8193,56,62,75,56
13K011,P.S. 011 PURVIS J. BEHAN,280,321.75,38,78,87,77,280,316.325,45,86,106,43
13K020,P.S. 020 CLINTON HILL,149,293.7584,59,53,26,11,149,302.2349,43,63,25,18
13K044,P.S. 044 MARCUS GARVEY,128,286.7969,55,51,15,7,133,289.2256,62,43,21,7
13K046,P.S. 046 EDWARD C. BLUM,154,286.8896,71,50,30,3,152,286.5592,67,64,20,1
13K054,P.S. 054 SAMUEL C. BARNES,86,272.5581,57,18,9,2,84,282.5714,49,24,10,1
13K056,P.S. 056 LEWIS H. LATIMER,106,302.3302,33,28,33,12,104,297.6058,37,45,18,4
13K067,P.S. 067 CHARLES A. DORSEY,114,262.8509,90,20,4,0,111,274.3423,71,35,5,0
13K093,P.S. 093 WILLIAM H. PRESCOTT,140,287.3,60,49,25,6,135,294.8519,47,48,32,8
13K113,M.S. 113 RONALD EDMONDS LEARNING CENTER,594,281.7677,314,232,44,4,645,286.5938,262,301,68,14
13K133,P.S. 133 WILLIAM A. BUTLER,99,291.3131,43,35,15,6,99,297.5455,36,37,20,6
13K256,P.S. 256 BENJAMIN BANNEKER,150,292.2733,52,57,31,10,150,290.5867,59,63,26,2
13K265,DR. SUSAN S. MCKINNEY SECONDARY SCHOOL OF THE ARTS,124,274.1048,79,35,8,2,126,281.9444,57,55,12,2
13K266,M.S. K266 - PARK PLACE COMMUNITY MIDDLE SCHOOL,123,284.3008,69,44,8,2,123,283.1057,59,55,7,2
13K270,P.S. 270 JOHANN DEKALB,66,281.5455,30,25,9,2,65,289.7385,25,32,6,2
13K282,P.S. 282 PARK SLOPE,553,302.7649,174,196,114,69,592,303.5946,142,257,134,59
13K287,P.S. 287 BAILEY K. ASHFORD,86,272.1628,58,20,5,3,85,272.2353,55,21,9,0
13K301,SATELLITE EAST MIDDLE SCHOOL,147,269.1701,103,38,5,1,143,272.1469,92,41,9,1
13K305,P.S. 305 DR. PETER RAY,98,277.9898,61,23,8,6,93,277.4194,54,28,9,2
13K307,P.S. 307 DANIEL HALE WILLIAMS,129,294.4109,50,48,17,14,131,285.7786,64,44,15,8
13K313,SATELLITE WEST MIDDLE SCHOOL,109,287.5321,53,37,14,5,108,285.6296,46,42,15,5
13K351,THE URBAN ASSEMBLY UNISON SCHOOL,121,275.8843,81,32,8,0,117,287.359,54,46,15,2
13K492,ACADEMY OF ARTS AND LETTERS,253,306.2925,55,116,59,23,253,313.6719,29,112,79,33
13K527,URBAN ASSEMBLY INSTITUTE OF MATH AND SCIENCE FOR YOUNG WOMEN,181,298.0773,55,92,27,7,184,297.8696,45,93,41,5
13K596,MS 596 PEACE ACADEMY,82,265.7561,55,24,3,0,78,271.0897,53,22,3,0
13K691,FORT GREENE PREPARATORY ACADEMY,231,280.2987,131,81,19,0,228,289.6842,87,107,27,7
14K016,P.S. 016 LEONARD DUNKLY,105,286.8952,43,44,15,3,104,290.6635,48,38,14,4
14K017,P.S. 017 HENRY D. WOODWORTH,147,303.6871,43,47,36,21,146,292.4041,67,40,29,10
14K018,P.S. 018 EDWARD BUSH,85,293.2353,34,28,19,4,85,285.6235,43,30,12,0
14K019,P.S. 019 ROBERTO CLEMENTE,107,273.486,65,28,10,4,103,271.2621,65,31,5,2
14K023,P.S. 023 CARTER G. WOODSON,107,293.2243,46,35,18,8,105,281.9333,61,34,10,0
14K031,P.S. 031 SAMUEL F. DUPONT,235,334.9191,8,48,87,92,233,321.6824,19,93,80,41
14K034,P.S. 034 OLIVER H. PERRY,233,326.9227,16,61,82,74,233,316.9227,41,74,72,46
14K050,J.H.S. 050 JOHN D. WELLS,283,274.1979,170,102,8,3,268,273.0933,144,105,15,4
14K059,P.S. 059 WILLIAM FLOYD,152,277.3289,91,42,14,5,152,278.8421,85,47,15,5
14K071,JUAN MOREL CAMPOS SECONDARY SCHOOL,306,267.2288,222,73,10,1,305,269.3607,200,98,6,1
14K084,P.S. 084 JOSE DE DIEGO,163,294.4356,64,61,27,11,162,293.6296,64,57,33,8
14K110,P.S. 110 THE MONITOR,118,305.8983,28,36,41,13,119,307.2017,29,39,37,14
14K120,P.S. 120 CARLOS TAPIA,182,296.478,72,62,25,23,178,287.4438,82,72,19,5
14K126,JOHN ERICSSON MIDDLE SCHOOL 126,258,287.1977,123,107,23,5,254,278.3228,128,95,29,2
14K132,P.S. 132 THE CONSELYEA SCHOOL,331,324.3353,14,119,115,83,330,320.8788,42,108,117,63
14K147,P.S. 147 ISAAC REMSEN,113,287.4779,54,31,22,6,113,295.9381,39,47,22,5
14K157,P.S./I.S. 157 THE BENJAMIN FRANKLIN HEALTH & SCIENCE ACADEMY,299,284.4348,156,109,33,1,296,284.3851,136,127,31,2
14K196,P.S. 196 TEN EYCK,156,301.2115,46,55,41,14,154,296.6494,55,60,33,6
14K250,P.S. 250 GEORGE H. LINDSAY,352,297.517,125,115,83,29,349,297.7507,116,139,81,13
14K257,P.S. 257 JOHN F. HYLAN,246,305.0528,65,82,64,35,242,301.5413,71,87,59,25
14K297,P.S. 297 ABRAHAM STOCKTON,128,287.5781,66,32,20,10,127,285.7559,55,56,14,2
14K318,I.S. 318 EUGENIO MARIA DE HOSTOS,1310,300.3702,391,573,239,107,1512,299.3505,412,652,331,117
14K330,THE SCHOOL FOR THE URBAN ENVIRONMENT,63,274.4286,45,16,1,1,60,267.3167,42,18,0,0
14K380,P.S. 380 JOHN WAYNE ELEMENTARY,260,314.2846,29,110,74,47,260,306.0423,50,115,84,11
14K414,BROOKLYN ARBOR ELEMENTARY SCHOOL,82,278.3537,46,30,4,2,80,280.7375,45,22,13,0
14K577,CONSELYEA PREPARATORY SCHOOL,407,303.3857,118,172,85,32,471,307.1762,79,210,130,52
14K582,M.S. 582,211,276.8578,139,60,10,2,229,283.1092,105,97,21,6
14K586,LYONS COMMUNITY SCHOOL,198,275.3283,130,62,5,1,199,274.8945,118,74,7,0
14K614,YOUNG WOMEN'S LEADERSHIP SCHOOL OF BROOKLYN,129,302.0543,32,63,28,6,127,297.6063,28,73,19,7
15K001,P.S. 001 THE BERGEN,464,299.4784,132,191,111,30,454,291.2401,190,181,72,11
15K010,"MAGNET SCHOOL OF MATH, SCIENCE AND DESIGN TECHNOLOGY",409,324.8631,46,103,133,127,408,323.7696,56,96,154,102
15K015,P.S. 015 PATRICK F. DALY,146,302.4863,45,52,31,18,145,293.6069,55,55,28,7
15K024,P.S. 024,337,287.5875,151,119,55,12,333,278.1742,194,102,32,5
15K029,P.S. 029 JOHN M. HARRIGAN,288,334.9826,16,40,102,130,289,333.5952,25,40,127,97
15K032,P.S. 032 SAMUEL MILLS SPROLE,108,318.5463,12,30,39,27,108,302.1389,28,48,26,6
15K038,P.S. 038 THE PACIFIC,165,304.7273,46,45,38,36,163,299.7239,51,61,37,14
15K039,P.S. 039 HENRY BRISTOW,149,335.0336,7,32,52,58,149,330.3423,8,40,55,46
15K051,M.S. 51 WILLIAM ALEXANDER,970,327.2701,78,243,348,301,1064,336.8628,56,147,364,497
15K058,P.S. 058 THE CARROLL,422,334.6967,29,69,141,183,418,326.0957,43,91,178,106
15K088,J.H.S. 088 PETER ROUGET,1012,302.1235,259,494,188,71,1083,297.4571,266,572,200,45
15K094,P.S. 094 THE HENRY LONGFELLOW,702,303.3746,221,205,160,116,669,287.3842,309,223,101,36
15K107,P.S. 107 JOHN W. KIMBALL,257,330.8482,15,57,90,95,256,334.082,12,48,119,77
15K124,P.S. 124 SILAS B. DUTCHER,123,297.5854,38,45,28,12,120,292.5333,50,42,22,6
15K130,P.S. 130 THE PARKSIDE,278,310.241,48,114,88,28,276,305.6123,70,112,68,26
15K131,P.S. 131 BROOKLYN,451,307.7871,114,139,124,74,435,297.131,164,157,82,32
15K136,I.S. 136 CHARLES O. DEWEY,458,278.3428,263,158,30,7,430,278.486,226,170,27,7
15K146,P.S. 146,49,315.9592,4,19,22,4,49,324.9184,2,15,23,9
15K154,THE WINDSOR TERRACE SCHOOL,218,325.3303,21,54,69,74,218,323.0413,34,43,87,54
15K169,P.S. 169 SUNSET PARK,759,314.7628,161,212,212,174,727,300.3618,237,273,159,58
15K172,P.S. 172 BEACON SCHOOL OF EXCELLENCE,244,356.2582,0,6,70,168,243,330.0206,3,62,126,52
15K230,P.S. 230 DORIS L. COHEN,596,307.255,173,164,136,123,585,305.4427,172,191,141,81
15K261,P.S. 261 PHILIP LIVINGSTON,246,312.1911,47,78,76,45,335,305.0716,87,106,108,34
15K295,P.S. 295,184,310.7391,39,64,52,29,179,307.743,49,59,45,26
15K321,P.S. 321 WILLIAM PENN,658,337.0805,37,92,222,307,666,333.8498,35,108,305,218
15K429,BROOKLYN SCHOOL FOR GLOBAL STUDIES,73,276.9452,49,20,4,0,72,267.3333,50,20,2,0
15K442,M.S. 442 CARROLL GARDENS SCHOOL FOR INNOVATION,148,274.6824,93,48,7,0,156,278.2308,82,61,10,3
15K443,NEW VOICES SCHOOL OF ACADEMIC & CREATIVE ARTS,431,317.1624,50,172,136,73,484,316.3926,39,198,174,73
15K447,THE MATH & SCIENCE EXPLORATORY SCHOOL,412,333.932,18,113,126,155,464,328.1509,19,115,192,138
15K448,BROOKLYN SECONDARY SCHOOL FOR COLLABORATIVE STUDIES,220,278.0773,139,68,10,3,244,288.0779,98,109,32,5
15K464,PARK SLOPE COLLEGIATE,84,285.5833,41,29,8,6,84,277.7143,46,33,3,2
15K497,SCHOOL FOR INTERNATIONAL STUDIES,117,281.1026,59,51,5,2,115,273.8261,67,39,6,3
15K676,RED HOOK NEIGHBORHOOD SCHOOL,84,280.2381,48,20,15,1,79,272.7089,53,21,5,0
15K821,SUNSET PARK PREP,435,303.4805,115,206,79,35,503,297.5726,119,274,91,19
16K005,P.S. 005 DR. RONALD MCNAIR,131,274.6718,83,37,9,2,127,279.4016,67,49,10,1
16K021,P.S. 021 CRISPUS ATTUCKS,284,299.2218,98,110,44,32,284,300.5141,83,113,73,15
16K025,P.S. 025 EUBIE BLAKE SCHOOL,91,286.6154,43,38,9,1,90,282.2667,47,32,11,0
16K026,P.S. 026 JESSE OWENS,94,298.2234,31,39,16,8,94,294.8511,34,39,16,5
16K028,P.S. 028 THE WARREN PREP ACADEMY,97,284.7423,49,31,14,3,95,282.9263,48,34,12,1
16K035,M.S. 035 STEPHEN DECATUR,181,295.0939,55,104,21,1,181,292.4586,56,99,22,4
16K040,P.S. 040 GEORGE W. CARVER,132,288.1894,56,52,20,4,130,292.9615,56,43,26,5
16K057,J.H.S. 057 WHITELAW REID,189,281.3704,105,66,15,3,188,279.7926,93,71,19,5
16K081,P.S. 081 THADDEUS STEVENS,179,285.5028,86,62,21,10,177,281.9096,96,54,26,1
16K243,P.S. 243K- THE WEEKSVILLE SCHOOL,116,289.8276,51,42,18,5,112,280.5714,66,32,13,1
16K262,P.S. 262 EL HAJJ MALIK EL SHABAZZ ELEMENTARY SCHOOL,304,292.4243,130,120,38,16,302,298.3907,84,132,72,14
16K267,"M.S. 267 MATH, SCIENCE & TECHNOLOGY",249,287.2209,128,78,34,9,244,287.918,88,127,22,7
16K308,P.S. 308 CLARA CARDWELL,312,277.6346,194,88,24,6,313,288.2492,126,117,59,11
16K309,P.S. 309 THE GEORGE E. WIBECAN PREPARATORY ACADEMY,110,290.0182,43,41,19,7,110,287.5182,48,43,17,2
16K335,P.S. 335 GRANVILLE T. WOODS,147,280.4626,76,49,18,4,147,285.0272,65,55,21,6
16K385,"SCHOOL OF BUSINESS, FINANCE AND ENTREPRENEURSHIP",102,273.7059,63,34,4,1,98,270.9592,62,31,1,4
16K534,UPPER SCHOOL @ P.S. 25,128,275.3125,85,38,4,1,124,280.6613,64,52,6,2
16K584,M.S. 584,105,270.6476,82,18,5,0,103,270.6117,64,37,2,0
16K627,BRIGHTER CHOICE COMMUNITY SCHOOL,63,296.7302,18,22,23,0,59,307.2881,9,26,22,2
16K628,BROOKLYN BROWNSTONE SCHOOL,68,305.3529,15,28,17,8,68,310.8676,11,27,24,6
16K636,YOUNG SCHOLARS' ACADEMY FOR DISCOVERY AND EXPLORATION,68,293.3824,25,27,15,1,66,300.5909,15,34,15,2
16K681,MADIBA PREP MIDDLE SCHOOL,151,276.5629,101,42,5,3,151,277.0331,84,60,6,1
17K002,PARKSIDE PREPARATORY ACADEMY,420,283.5667,207,147,55,11,452,289.7124,178,182,75,17
17K006,P.S. 006,326,290.9356,150,92,54,30,324,287.3765,166,103,41,14
17K012,DR. JACQUELINE PEEK-DAVIS SCHOOL,82,286.4268,37,28,14,3,82,286.2195,41,29,10,2
17K061,M.S. 061 DR. GLADSTONE H. ATWELL,721,290.2164,295,312,102,12,714,292.0028,254,326,110,24
17K091,P.S. 091 THE ALBANY AVENUE SCHOOL,237,275.9156,149,51,23,14,232,281.0043,126,69,31,6
17K092,P.S. 092 ADRIAN HEGEMAN,208,286.4279,111,67,25,5,208,283.9856,106,84,17,1
17K138,P.S. 138 BROOKLYN,430,295.8721,153,172,79,26,430,296.3326,125,203,85,17
17K161,P.S. 161 THE CROWN,312,297.1795,116,117,47,32,308,295.4903,111,128,50,19
17K167,P.S. 167 THE PARKWAY,163,283.2331,82,50,24,7,164,279.5244,90,49,25,0
17K181,P.S. 181 BROOKLYN,633,284.1074,323,215,76,19,630,290.8476,254,272,89,15
17K189,P.S. 189 THE BILINGUAL CENTER,805,308.7689,184,293,211,117,794,298.772,241,332,163,58
17K191,P.S. 191 PAUL ROBESON,107,294.3551,37,48,17,5,103,286.8835,47,39,16,1
17K221,P.S. 221 TOUSSAINT L'OUVERTURE,206,289.1505,89,74,34,9,206,288.699,94,72,32,8
17K241,P.S. 241 EMMA L. JOHNSTON,280,310.5714,57,97,79,47,271,304.9373,65,98,93,15
17K246,M.S. 246 WALT WHITMAN,465,270.2968,335,113,13,4,510,278.7294,271,199,37,3
17K249,P.S. 249 THE CATON,324,322.8549,20,104,120,80,324,314.6019,30,153,113,28
17K289,P.S. 289 GEORGE V. BROWER,229,299.3581,84,76,43,26,227,292.0793,89,87,46,5
17K316,P.S. 316 ELIJAH STROUD,125,309.68,30,40,34,21,125,300.616,33,50,35,7
17K334,MIDDLE SCHOOL FOR ACADEMIC AND SOCIAL EXCELLENCE,151,262.5762,118,31,2,0,152,266.6513,103,45,4,0
17K340,I.S. 340,178,300.9663,44,102,26,6,202,310.5248,20,99,69,14
17K352,EBBETS FIELD MIDDLE SCHOOL,261,269.8199,193,59,9,0,277,275.7401,159,107,10,1
17K353,ELIJAH STROUD MIDDLE SCHOOL,254,278.0787,152,90,10,2,256,280.6523,131,113,9,3
17K354,THE SCHOOL OF INTEGRATED LEARNING,227,309.3392,60,70,68,29,224,294.4866,65,118,34,7
17K375,P.S. 375 JACKIE ROBINSON SCHOOL,208,288.1683,98,66,39,5,207,285.1449,100,80,23,4
17K382,ACADEMY FOR COLLEGE PREPARATION AND CAREER EXPLORATION: A COLLEGE BOARD SCHOOL,138,281.7754,83,45,9,1,137,283.8905,66,64,6,1
17K394,M.S. K394,363,281.1377,200,131,29,3,364,290.5577,145,157,56,6
17K397,P.S. 397 FOSTER-LAURIE,178,287.5169,81,66,23,8,175,297.1657,54,79,36,6
17K398,P.S. 398 WALTER WEAVER,141,293.234,57,51,25,8,141,293.3475,55,64,22,0
17K399,P.S. 399 STANLEY EUGENE CLARK,239,297.41,79,89,47,24,235,298.3915,80,100,42,13
17K484,RONALD EDMONDS LEARNING CENTER II,140,286.1929,69,58,11,2,138,289.3116,50,63,24,1
17K531,"SCHOOL FOR HUMAN RIGHTS, THE",128,287.2891,56,66,6,0,125,291.912,34,81,10,0
17K533,SCHOOL FOR DEMOCRACY AND LEADERSHIP,62,281.1935,36,20,6,0,60,277.1833,33,22,5,0
17K543,"SCIENCE, TECHNOLOGY AND RESEARCH EARLY COLLEGE HIGH SCHOOL AT ERASMUS",131,312.4809,7,76,43,5,197,311.802,14,101,66,16
17K590,MEDGAR EVERS COLLEGE PREPARATORY SCHOOL,101,327.3861,3,30,31,37,272,326.9118,9,69,121,73
17K705,BROOKLYN ARTS AND SCIENCE ELEMENTARY SCHOOL,49,280.9184,26,13,6,4,46,273.5652,28,14,4,0
17K722,NEW HEIGHTS MIDDLE SCHOOL,221,274.2308,152,67,2,0,216,275.1111,129,72,13,2
17K770,P.S. 770 NEW AMERICAN ACADEMY,55,283.6364,24,21,9,1,55,292.2727,22,21,11,1
18K066,P.S. 66,520,307.0885,123,206,138,53,521,297.261,143,263,97,18
18K068,I.S. 068 ISAAC BILDERSEE,625,272.7984,414,189,21,1,705,281.4851,347,288,58,12
18K114,P.S. 114 RYDER ELEMENTARY,296,279.973,160,85,43,8,291,280.4502,154,92,40,5
18K115,P.S. 115 DANIEL MUCATEL SCHOOL,558,297.81,199,185,114,60,554,299.8989,184,195,117,58
18K135,P.S. 135 SHELDON A. BROOKNER,314,293.6051,135,98,60,21,314,298.6879,101,130,66,17
18K208,P.S. 208 ELSA EBELING,212,297.4057,74,75,43,20,211,297.237,68,79,56,8
18K211,I.S. 211 JOHN WILSON,658,288.0547,305,267,71,15,659,290.5023,242,297,97,23
18K219,P.S. 219 KENNEDY-KING,273,281.2821,163,64,30,16,270,291.163,115,101,40,14
18K233,P.S. 233 LANGSTON HUGHES,261,291.8544,105,99,44,13,261,294.8161,95,105,48,13
18K235,P.S. 235 LENOX SCHOOL,710,315.9676,122,195,244,149,766,316.1802,128,211,286,141
18K244,P.S. 244 RICHARD R. GREEN,309,299.6375,95,113,72,29,314,291.7357,120,121,57,16
18K268,P.S. 268 EMMA LAZARUS,211,286.6825,93,80,34,4,203,290.0837,89,76,37,1
18K272,P.S. 272 CURTIS ESTABROOK,240,283.0042,135,80,21,4,235,280.0255,136,72,27,0
18K276,P.S. 276 LOUIS MARSHALL,338,285.9142,175,88,53,22,332,288.6325,158,117,46,11
18K279,P.S. 279 HERMAN SCHREIBER,249,291.5422,97,89,52,11,247,296.0202,86,106,52,3
18K285,I.S. 285 MEYER LEVIN,787,289.2999,345,328,91,23,880,293.367,285,421,142,32
18K366,THE SCIENCE AND MEDICINE MIDDLE SCHOOL,349,300.2321,81,205,55,8,370,293.2622,126,172,52,20
18K581,EAST FLATBUSH COMMUNITY RESEARCH SCHOOL,222,277.6486,135,72,14,1,223,271.4395,142,72,7,2
18K588,MIDDLE SCHOOL FOR ART AND PHILOSOPHY,305,278.977,170,107,24,4,305,282.8098,148,128,28,1
18K598,MIDDLE SCHOOL OF MARKETING AND LEGAL STUDIES,274,276.2226,175,84,14,1,277,280.8664,145,111,15,6
19K007,P.S. 007 ABRAHAM LINCOLN,465,289.4753,202,167,71,25,455,292.1231,182,174,84,15
19K013,P.S. 013 ROBERTO CLEMENTE,207,283.2029,106,62,31,8,207,280.5604,117,62,22,6
19K065,P.S. 065,314,303.6688,95,97,75,47,307,297.1629,106,118,65,18
19K089,P.S. 089 CYPRESS HILLS,279,285.9319,146,96,33,4,274,277.6861,161,84,23,6
19K108,P.S. 108 SAL ABBRACCIAMENTO,389,310.2185,77,132,122,58,379,301.2111,112,146,91,30
19K149,P.S. 149 DANNY KAYE,324,289.6636,146,112,52,14,321,279.1028,189,99,28,5
19K158,P.S. 158 WARWICK,250,283.168,128,87,29,6,252,279,147,88,16,1
19K159,P.S. 159 ISAAC PITKIN,398,293.7613,175,103,66,54,385,288.3532,182,122,66,15
19K166,J.H.S. 166 GEORGE GERSHWIN,206,264.6748,166,38,2,0,204,271.2304,142,56,6,0
19K171,I.S. 171 ABRAHAM LINCOLN,763,279.3644,449,237,62,15,739,279.6373,376,275,62,26
19K174,P.S. 174 DUMONT,203,269.9064,147,49,7,0,204,275.9755,124,65,14,1
19K190,P.S. 190 SHEFFIELD,96,288.7917,40,44,9,3,95,282.4842,50,31,13,1
19K202,P.S. 202 ERNEST S. JENKYNS,366,276.8497,223,100,34,9,355,280.0085,200,111,36,8
19K213,P.S. 213 NEW LOTS,197,274.6345,119,64,12,2,193,268.772,130,58,3,2
19K214,P.S. 214 MICHAEL FRIEDSAM,452,302.1018,144,153,97,58,443,293.3657,174,176,74,19
19K218,J.H.S. 218 JAMES P. SINNOTT,472,275.536,280,144,39,9,490,281.1429,255,172,53,10
19K224,P.S. 224 HALE A. WOODRUFF,275,284.6364,129,93,37,16,277,274.3574,167,88,18,4
19K273,P.S. 273 WORTMAN,180,286.7944,83,66,21,10,182,288.6978,73,80,28,1
19K290,P.S. 290 JUAN MOREL CAMPOS,242,306.8967,64,84,64,30,241,300.3651,59,121,56,5
19K292,J.H.S. 292 MARGARET S. DOUGLAS,632,287.9573,307,209,70,46,697,289.1263,297,253,99,48
19K302,J.H.S. 302 RAFAEL CORDERO,540,275.6426,370,126,36,8,519,274.7033,288,192,32,7
19K306,P.S. 306 ETHAN ALLEN,371,277.1402,228,114,27,2,370,281.4054,195,141,30,4
19K311,ESSENCE SCHOOL,136,271.75,94,35,7,0,134,272.403,81,46,5,2
19K325,THE FRESH CREEK SCHOOL,61,278.2459,38,15,6,2,64,287.9844,31,23,10,0
19K328,P.S. 328 PHYLLIS WHEATLEY,187,269.8235,129,50,5,3,184,270.1196,123,54,7,0
19K345,P.S. 345 PATROLMAN ROBERT BOLDEN,308,286.3864,134,122,42,10,301,288.9668,130,121,45,5
19K346,P.S. 346 ABE STARK,303,302.2079,85,118,60,40,301,299.3023,98,114,72,17
19K364,I.S. 364 GATEWAY,292,283.4041,161,87,40,4,355,300.0958,90,160,85,20
19K404,ACADEMY FOR YOUNG WRITERS,70,266.3143,47,19,4,0,73,281.8219,32,31,5,5
19K409,EAST NEW YORK FAMILY ACADEMY,181,308.337,40,77,52,12,181,304.7956,27,94,51,9
19K422,SPRING CREEK COMMUNITY SCHOOL,158,279.943,93,51,14,0,159,287.9874,57,89,11,2
19K452,FREDERICK DOUGLASS ACADEMY VIII MIDDLE SCHOOL,229,308.1921,50,101,49,29,283,307.7456,51,129,70,33
19K654,VAN SICLEN COMMUNITY MIDDLE SCHOOL,112,264.2054,83,22,7,0,110,264.0091,76,31,3,0
19K661,VISTA ACADEMY,111,290.3604,42,42,21,6,104,277.3942,50,43,10,1
19K662,LIBERTY AVENUE MIDDLE SCHOOL,142,289.2817,57,60,20,5,137,283.635,64,57,13,3
19K663,SCHOOL OF THE FUTURE BROOKLYN,68,274.2794,37,20,9,2,70,290.6143,25,34,8,3
19K677,EAST NEW YORK ELEMENTARY SCHOOL OF EXCELLENCE,225,285.44,120,65,27,13,218,280.0596,128,62,25,3
19K678,EAST NEW YORK MIDDLE SCHOOL OF EXCELLENCE,234,274.2479,146,77,11,0,233,281.8069,103,106,23,1
20K030,PS/IS 30 MARY WHITE OVINGTON,389,316.1774,64,128,132,65,388,308.3222,65,176,96,51
20K048,P.S. 048 MAPLETON,285,323.1333,45,71,77,92,281,303.3452,74,100,81,26
20K062,J.H.S. 062 DITMAS,1120,294.7536,446,414,172,88,1064,294.1654,330,475,210,49
20K069,P.S. 69 VINCENT D. GRIPPO SCHOOL,448,325.0826,46,110,160,132,434,307.1267,102,142,152,38
20K102,P.S. 102 THE BAYVIEW,633,322.3507,104,153,166,210,612,316.1389,96,210,197,109
20K104,P.S./I.S. 104 THE FORT HAMILTON SCHOOL,838,319.8377,103,293,250,192,817,307.3586,149,352,239,77
20K105,P.S. 105 THE BLYTHEBOURNE,903,330.1938,59,210,303,331,886,303.5135,248,325,221,92
20K112,P.S. 112 LEFFERTS PARK,252,318.246,41,75,73,63,245,308.4531,60,80,76,29
20K127,P.S. 127 MCKINLEY PARK,258,319.3915,41,71,80,66,256,308.6367,56,94,77,29
20K160,P.S. 160 WILLIAM T. SAMPSON,530,322.4981,75,133,159,163,502,299.1076,164,176,117,45
20K163,P.S. 163 BATH BEACH,443,320.9029,60,140,126,117,433,303.7436,103,177,121,32
20K164,P.S. 164 CAESAR RODNEY,222,311.4414,41,73,71,37,215,296.586,73,78,58,6
20K170,RALPH A. FABRIZIO SCHOOL,457,317.4792,75,128,139,115,434,304.712,113,160,127,34
20K176,P.S. 176 OVINGTON,683,331.2152,76,126,211,270,674,314.6766,134,185,234,121
20K179,P.S. 179 KENSINGTON,416,293.3197,169,143,74,30,397,286.2746,188,136,55,18
20K180,THE SEEALL ACADEMY,738,318.0095,122,221,233,162,761,306.3509,156,307,224,74
20K185,P.S. 185 WALTER KASSENBROCK,380,322.5,44,102,128,106,377,313.2095,72,129,108,68
20K186,P.S. 186 DR. IRVING A GLADSTONE,459,323.0741,60,122,129,148,449,308.8018,89,160,154,46
20K187,THE CHRISTA MCAULIFFE SCHOOL\I.S. 187,763,368.1468,8,6,62,687,928,345.542,12,59,287,570
20K192,P.S. 192 - THE MAGNET SCHOOL FOR MATH AND SCIENCE INQUIRY,348,302.3132,101,123,87,37,347,295.8098,115,151,62,19
20K200,P.S. 200 BENSON SCHOOL,602,319.4336,95,169,165,173,586,304.6451,167,187,161,71
20K201,J.H.S. 201 THE DYKER HEIGHTS,1219,324.8294,131,359,363,366,1415,316.0495,161,500,489,265
20K204,P.S. 204 VINCE LOMBARDI,526,327.5608,73,106,150,197,510,313.3863,103,151,170,86
20K205,P.S. 205 CLARION,396,314.5505,81,107,109,99,391,303.6777,101,144,109,37
20K220,J.H.S. 220 JOHN J. PERSHING,1295,309.8077,300,466,344,185,1244,288.0949,480,522,203,39
20K223,J.H.S. 223 THE MONTAUK,795,306.4906,201,297,203,94,816,288.8407,316,327,139,34
20K227,J.H.S. 227 EDWARD B. SHALLOW,1322,307.4788,345,475,316,186,1253,291.5555,424,526,243,60
20K229,P.S. 229 DYKER,656,337.718,50,128,159,319,684,320.9298,68,233,227,156
20K247,P.S. 247 BROOKLYN,369,335.9133,21,65,117,166,360,317.2167,46,128,130,56
20K259,J.H.S. 259 WILLIAM MCKINLEY,1415,326.6459,175,392,408,440,1371,310.1393,240,513,394,224
20K264,P.S. 264 BAY RIDGE ELEMENTARY SCHOOL FOR THE ARTS,57,309.4737,13,15,23,6,56,302.9286,20,12,19,5
20K310,THE SCHOOL FOR FUTURE LEADERS,91,322.4066,7,24,36,24,88,298.6136,30,30,27,1
20K503,PS 503: THE SCHOOL OF DISCOVERY,461,294.1866,186,147,90,38,448,288.3549,208,153,73,14
20K506,P.S. 506: THE SCHOOL OF JOURNALISM & TECHNOLOGY,355,309.738,74,127,94,60,346,290.841,141,144,56,5
20K609,URBAN ASSEMBLY SCHOOL FOR CRIMINAL JUSTICE,155,301.3548,49,55,38,13,152,304.1053,32,66,41,13
20K682,THE ACADEMY OF TALENTED SCHOLARS,168,332.4583,11,30,55,72,169,322.142,16,49,77,27
20K686,BROOKLYN SCHOOL OF INQUIRY,184,343.7228,3,22,57,102,184,337.0707,4,34,80,66
20K748,P.S. 748 BROOKLYN SCHOOL FOR GLOBAL SCHOLARS,141,343.383,8,10,40,83,141,337.1135,10,15,63,53
20K971,"SCHOOL OF MATH, SCIENCE, AND HEALTHY LIVING",53,283.6981,29,11,10,3,52,263.1923,36,11,5,0
21K090,P.S. 90 EDNA COHEN SCHOOL,258,298.1085,84,96,61,17,255,291.6,105,104,41,5
21K095,P.S. 095 THE GRAVESEND,514,314.5,110,151,134,119,507,304.215,135,185,136,51
21K096,I.S. 096 SETH LOW,626,301.9441,210,211,139,66,597,291.6198,219,248,102,28
21K097,P.S. 97 THE HIGHLAWN,378,323.6349,57,87,114,120,367,307.97,103,108,111,45
21K098,I.S. 98 BAY ACADEMY,1333,348.6182,8,140,422,763,1332,330.0871,28,314,572,418
21K099,P.S. 099 ISAAC ASIMOV,489,306.0491,152,144,103,90,499,294.3868,191,177,88,43
21K100,P.S. 100 THE CONEY ISLAND SCHOOL,326,328.6258,26,82,107,111,320,321.9188,33,90,136,61
21K101,P.S. 101 THE VERRAZANO,443,326.3454,62,93,134,154,434,311.2097,91,140,150,53
21K121,P.S. 121 NELSON A. ROCKEFELLER,187,311.6631,39,60,59,29,183,303.1639,48,71,57,7
21K128,P.S. 128 BENSONHURST,182,307.3791,39,66,50,27,176,296.983,54,74,40,8
21K153,P.S. 153 HOMECREST,240,314.9417,46,71,73,50,229,305.6987,62,75,67,25
21K177,P.S. 177 THE MARLBORO,426,314.8826,87,123,122,94,415,302.3373,121,150,114,30
21K188,P.S. 188 MICHAEL E. BERDY,255,283.0039,148,66,22,19,255,281.9059,139,86,26,4
21K199,P.S. 199 FREDERICK WACHTEL,229,320.8515,25,62,82,60,225,307.4044,54,72,75,24
21K209,P.S. 209 MARGARET MEAD,366,308.1967,85,128,98,55,379,296.3166,125,149,85,20
21K212,P.S. 212 LADY DEBORAH MOODY,251,305.2032,72,88,51,40,245,297.8571,87,87,60,11
21K215,P.S. 215 MORRIS H. WEISS,396,329.1717,41,92,111,152,395,318.4835,62,121,131,81
21K216,P.S. 216 ARTURO TOSCANINI,219,315.0548,50,56,53,60,218,309.1376,50,77,60,31
21K225,P.S. K225 - THE EILEEN E. ZAGLIN,582,300.0498,191,194,140,57,564,292.2784,209,235,98,22
21K226,P.S. 226 ALFRED DE B.MASON,537,312.5438,120,159,149,109,542,302.7066,139,214,144,45
21K228,I.S. 228 DAVID A. BOODY,1024,309.6836,226,372,276,150,998,297.5812,258,468,214,58
21K238,P.S. 238 ANNE SULLIVAN,281,295.5409,105,107,47,22,284,294.5915,89,137,50,8
21K239,MARK TWAIN I.S. 239 FOR THE GIFTED & TALENTED,1020,345.1696,32,175,248,565,1229,339.8055,27,186,393,623
21K253,P.S. 253,345,317.9101,45,115,108,77,331,304.6707,91,133,80,27
21K281,I.S. 281 JOSEPH B CAVALLARO,1004,306.5886,248,390,233,133,1098,299.1375,290,488,231,89
21K288,P.S. 288 THE SHIRLEY TANYHILL,227,289.793,101,91,29,6,227,283.4493,114,88,22,3
21K303,I.S. 303 HERBERT S. EISENBERG,475,303.8926,145,174,92,64,543,300.5691,125,265,120,33
21K329,P.S. 329 SURFSIDE,207,290.0193,89,74,35,9,206,287.7184,108,57,31,10
21K468,KINGSBOROUGH EARLY COLLEGE SCHOOL,170,307.6647,30,84,43,13,198,303.399,40,98,48,12
21K690,BROOKLYN STUDIO SECONDARY SCHOOL,210,303.3762,48,96,61,5,226,304.2212,47,93,78,8
22K014,J.H.S. 014 SHELL BANK,488,291.2992,208,191,66,23,503,284.8966,214,236,40,13
22K052,P.S. 052 SHEEPSHEAD BAY,360,315.4389,78,96,89,97,350,305.0571,97,118,86,49
22K078,J.H.S. 078 ROY H. MANN,815,284.9558,406,306,82,21,859,286.844,366,369,102,22
22K109,P.S. 109,368,280.9293,202,130,33,3,364,286.7005,156,151,50,7
22K119,P.S. 119 AMERSFORT,287,302.7282,90,101,66,30,283,297.7668,96,115,62,10
22K134,P.S. K134,234,330.1154,16,62,69,87,225,314.4667,41,84,63,37
22K139,P.S. 139 ALEXINE A. FENTY,478,302.954,122,187,112,57,471,297.0998,160,184,98,29
22K152,SCHOOL OF SCIENCE & TECHNOLOGY,381,294.6614,138,155,65,23,381,292.4226,158,139,65,19
22K193,P.S. 193 GIL HODGES,400,300.4625,134,117,100,49,393,307.9338,92,145,114,42
22K194,P.S. 194 RAOUL WALLENBERG,198,292.5909,86,66,32,14,196,287.5459,97,62,32,5
22K195,P.S. 195 MANHATTAN BEACH,192,332.9948,10,44,63,75,188,321.7234,19,57,78,34
22K197,P.S. 197 - THE KINGS HIGHWAY ACADEMY,255,314.2706,44,82,73,56,239,305.5188,64,82,69,24
22K198,P.S. 198 BROOKLYN,222,296.009,73,100,41,8,221,300.3394,69,83,57,12
22K203,P.S. 203 FLOYD BENNETT SCHOOL,344,297.4884,122,118,73,31,338,298.1124,99,154,71,14
22K206,P.S. 206 JOSEPH F LAMB,809,326.2596,92,187,271,259,831,312.7365,146,289,266,130
22K207,P.S. 207 ELIZABETH G. LEARY,820,316.6732,105,311,256,148,818,314.632,129,278,283,128
22K217,P.S. 217 COLONEL DAVID MARCUS SCHOOL,586,312.9283,110,193,170,113,568,303.5405,180,203,127,58
22K222,P.S. 222 KATHERINE R. SNYDER,351,330.0627,23,81,123,124,349,316.3152,50,115,130,54
22K234,J.H.S. 234 ARTHUR W. CUNNINGHAM,1825,330.5205,185,446,514,680,1783,316.4952,224,619,558,382
22K236,P.S. 236 MILL BASIN,285,321.5614,37,81,86,81,284,318.3239,37,98,106,43
22K240,ANDRIES HUDDE,889,294.9483,379,306,142,62,865,294.5861,275,375,167,48
22K245,P.S. 245,128,311.9609,25,42,43,18,127,305.1811,24,68,30,5
22K251,P.S. 251 PAERDEGAT,223,287.1704,100,85,36,2,223,289.7444,89,96,35,3
22K254,P.S. 254 DAG HAMMARSKJOLD,289,327.2734,26,73,93,97,283,316.636,42,103,88,50
22K255,P.S. 255 BARBARA REING SCHOOL,407,325.0516,39,104,137,127,389,309.3316,76,133,141,39
22K269,P.S. 269 NOSTRAND,383,278.7781,224,114,37,8,372,283.3333,198,116,47,11
22K277,P.S. 277 GERRITSEN BEACH,213,322.6291,24,59,71,59,214,317.271,38,65,75,36
22K278,J.H.S. 278 MARINE PARK,915,297.1858,292,449,131,43,1014,301.6923,240,458,223,93
22K312,P.S. 312 BERGEN BEACH,424,323.7524,49,114,133,128,422,313.3009,66,148,149,59
22K315,P.S. K315,388,291.518,154,152,64,18,383,290.0131,172,139,63,9
22K381,I. S. 381,349,299.341,107,165,57,20,347,298.366,87,192,48,20
23K041,P.S. 041 FRANCIS WHITE,358,285.0223,176,134,35,13,355,280.6648,186,139,25,5
23K073,P.S. 073 THOMAS S. BOYLAND,179,279.1844,98,67,13,1,181,277.0055,105,66,10,0
23K137,P.S./I.S. 137 RACHEL JEAN MITCHELL,143,289.7692,63,54,17,9,160,286.1625,77,57,22,4
23K150,P.S. 150 CHRISTOPHER,96,259.3333,78,16,2,0,97,267.1546,69,25,3,0
23K155,P.S./ I.S. 155 NICHOLAS HERKIMER,311,279.9582,178,90,35,8,292,279.8288,153,107,28,4
23K156,P.S. 156 WAVERLY,350,287.2657,170,102,54,24,347,284.6772,174,114,47,12
23K165,P.S. 165 IDA POSNER,277,269.3394,193,59,24,1,278,278.1187,156,92,28,2
23K178,P.S. 178 SAINT CLAIR MCKELWAY,252,288.0635,116,86,43,7,247,286.6397,107,103,36,1
23K184,P.S. 184 NEWPORT,288,290.3958,121,108,50,9,286,284.5035,140,110,28,8
23K284,P.S. 284 LEW WALLACE,373,273.1796,231,104,33,5,366,277.1858,207,130,25,4
23K298,P.S. 298 DR. BETTY SHABAZZ,129,265.062,98,28,3,0,128,278.9531,74,45,9,0
23K323,P.S./I.S. 323,294,287.7211,132,112,44,6,291,295.4536,92,141,43,15
23K327,P.S. 327 DR. ROSE B. ENGLISH,364,275.7802,221,108,27,8,365,285.1836,164,156,38,7
23K363,BROWNSVILLE COLLABORATIVE MIDDLE SCHOOL,109,266.2661,86,20,3,0,106,261.434,87,18,1,0
23K392,I.S. 392,255,321.7686,11,96,111,37,257,320.0039,6,100,110,41
23K401,CHRISTOPHER AVENUE COMMUNITY SCHOOL,71,277.7606,44,20,6,1,73,282.6438,41,26,4,2
23K446,RIVERDALE AVENUE COMMUNITY SCHOOL,11,284.6364,5,4,1,1,11,310.8182,4,3,2,2
23K518,KAPPA V,204,290.3431,83,98,23,0,205,291.9415,62,123,17,3
23K522,MOTT HALL IV,179,288.5363,79,86,11,3,179,299.2737,37,114,25,3
23K631,GENERAL D. CHAPPIE JAMES ELEMENTARY SCHOOL OF SCIENCE,94,279.7872,58,18,13,5,90,283.5111,48,31,8,3
23K634,GENERAL D. CHAPPIE JAMES MIDDLE SCHOOL OF SCIENCE,70,273.3143,51,17,2,0,72,273.7778,47,21,4,0
23K644,EAGLE ACADEMY FOR YOUNG MEN II,218,291.367,90,93,26,9,219,291.2922,80,107,26,6
23K664,BROOKLYN ENVIRONMENTAL EXPLORATION SCHOOL (BEES),44,275.1591,21,22,1,0,45,281.1778,20,19,5,1
23K668,RIVERDALE AVENUE MIDDLE SCHOOL,40,289.8,17,16,7,0,38,286.8421,16,19,1,2
23K671,MOTT HALL BRIDGES ACADEMY,191,293.8586,82,73,30,6,193,291.8083,61,101,25,6
23K697,TEACHERS PREPARATORY HIGH SCHOOL,84,292.7738,36,31,16,1,83,288.3373,29,42,11,1
24Q005,I.S. 5 - THE WALTER CROWLEY INTERMEDIATE SCHOOL,1594,316.9987,262,563,447,322,1560,304.734,342,640,392,186
24Q007,P.S. 007 LOUIS F. SIMEONE,297,317.2054,39,75,118,65,289,304.7163,79,90,110,10
24Q012,P.S. 012 JAMES B. COLGATE,658,324.0015,63,187,219,189,638,310.8464,127,222,224,65
24Q013,P.S. 013 CLEMENT C. MOORE,733,315.9932,135,214,220,164,720,303.9514,211,259,179,71
24Q014,P.S. 014 FAIRVIEW,883,301.6976,281,293,195,114,862,294.0023,333,326,163,40
24Q016,P.S. Q016 THE NANCY DEBENEDITTIS SCHOOL,967,307.4054,242,348,219,158,952,297.1733,355,348,181,68
24Q019,P.S. 019 MARINO JEANTET,905,305.1315,233,359,201,112,880,293.8489,351,333,157,39
24Q049,P.S. 049 DOROTHY BONAWIT KOLE,703,319.4523,83,237,226,157,729,315.0316,101,258,262,108
24Q058,P.S. 58 - THE SCHOOL OF HEROES,567,316.1323,109,162,153,143,561,310.1854,113,197,163,88
24Q061,I.S. 061 LEONARDO DA VINCI,2349,293.9825,897,949,377,126,2288,287.0782,906,1015,277,90
24Q068,P.S. 068 CAMBRIDGE,344,292.8634,135,120,69,20,331,288.6314,155,113,52,11
24Q071,P.S. 071 FOREST,448,309.1563,113,131,117,87,432,300.4583,130,167,103,32
24Q073,I.S. 73 - THE FRANK SANSIVIERI INTERMEDIATE SCHOOL,1694,312.8566,353,602,457,282,1658,300.6423,419,732,374,133
24Q077,I.S. 077,1003,289.1047,434,405,136,28,1022,286.7309,417,466,104,35
24Q081,P.S. 81Q JEAN PAUL RICHTER,528,304.2311,134,215,122,57,522,291.4655,222,203,81,16
24Q087,P.S. / I.S. 087 MIDDLE VILLAGE,366,298.8224,124,139,69,34,367,302.455,94,144,99,30
24Q088,P.S. 088 SENECA,479,304.0793,134,146,138,61,456,298.7368,151,169,121,15
24Q089,P.S. 089 ELMHURST,975,306.5067,252,317,268,138,954,301.0168,279,389,217,69
24Q091,P.S. 091 RICHARD ARKWRIGHT,375,302.5893,111,148,74,42,371,300.7008,108,158,80,25
24Q093,I.S. 093 RIDGEWOOD,1029,302.9504,287,450,218,74,1108,296.12,322,524,199,63
24Q102,P.S. 102 BAYVIEW,801,317.8265,110,257,261,173,792,309.3649,146,319,221,106
24Q113,P.S./I.S. 113 ANTHONY J. PRANZO,644,319.9224,62,241,199,142,673,311.1412,107,281,214,71
24Q119,I.S. 119 THE GLENDALE,603,326.2438,108,163,102,230,780,321.5487,118,209,197,256
24Q125,I.S. 125 THOM J. MCCANN WOODSIDE,1423,310.7597,292,550,395,186,1608,302.2189,359,742,379,128
24Q128,"P.S. 128 THE LORRAINE TUZZO, JUNIPER VALLEY ELEMENTARY SCHOOL",497,326.1288,44,129,176,148,552,317.7772,67,185,192,108
24Q143,P.S. 143 LOUIS ARMSTRONG,890,289.3809,394,308,148,40,857,281.4796,437,306,89,25
24Q153,P.S. 153 MASPETH ELEM,738,314.7588,137,246,188,167,729,310.3292,161,253,194,121
24Q199,P.S. 199 MAURICE A. FITZGERALD,372,307.3065,89,99,114,70,362,298.7238,112,130,94,26
24Q229,P.S. 229 EMANUEL KAPLAN,778,319.2905,115,227,228,208,773,311.3364,154,274,216,129
24Q239,P.S. 239,326,293.7485,127,107,65,27,317,290.4038,133,117,59,8
24Q290,A.C.E. ACADEMY FOR SCHOLARS AT THE GERALDINE FERRARO CAMPUS,66,324.2576,8,13,17,28,66,317.1061,10,18,30,8
24Q305,LEARNERS AND LEADERS,85,311.6941,6,34,35,10,82,292.9146,29,32,21,0
24Q307,PIONEER ACADEMY,532,302.9756,145,193,140,54,524,291.4218,226,212,74,12
24Q311,CORONA ARTS AND SCIENCES ACADEMY,98,297.5102,31,41,16,10,90,293.5111,23,54,8,5
24Q330,P.S. 330,122,284.959,63,42,17,0,121,274.5207,83,28,10,0
24Q560,"ROBERT F. WAGNER, JR. SECONDARY SCHOOL FOR ARTS AND TECHNOLOGY",108,333.0185,4,26,51,27,108,322.9722,2,36,54,16
24Q877,THE 51 AVENUE ACADEMY (THE PATH TO ACADEMIC EXCELLENCE),521,325.9655,70,124,153,174,507,304.785,124,204,123,56
25Q020,P.S. 020 JOHN BOWNE,656,326.8171,65,156,217,218,633,301.3697,177,258,161,37
25Q021,P.S. 021 EDWARD HART,641,326.0016,81,157,186,217,629,316.1479,110,200,192,127
25Q022,P.S. 022 THOMAS JEFFERSON,353,329.7422,27,98,101,127,340,313.1029,61,121,105,53
25Q024,P.S. 024 ANDREW JACKSON,487,331.9302,29,93,189,176,467,311.3619,94,157,157,59
25Q025,I.S. 025 ADRIEN BLOCK,670,323.1254,76,229,203,162,721,315.6352,83,268,237,133
25Q029,P.S. 029 QUEENS,335,306.6269,79,120,89,47,329,296.6353,122,117,73,17
25Q032,P.S. 032 STATE STREET,464,342.1164,24,68,120,252,455,322.8747,50,126,179,100
25Q079,P.S. 079 FRANCIS LEWIS,423,329.6667,35,102,131,155,414,315.4976,70,134,149,61
25Q107,P.S. 107 THOMAS A DOOLEY,440,319.2636,79,100,144,117,423,308.695,100,148,116,59
25Q120,P.S. 120 QUEENS,432,322.1042,56,111,141,124,411,302.0803,118,140,112,41
25Q129,P.S. 129 PATRICIA LARKIN,480,321.1938,53,141,172,114,467,309.6146,93,173,154,47
25Q130,P.S. 130,52,333.0577,4,8,15,25,52,311.1538,13,13,25,1
25Q154,P.S. 154 QUEENS,329,313.4255,62,96,115,56,323,302.5882,95,120,87,21
25Q163,P.S. 163 FLUSHING HEIGHTS,271,329.2288,23,55,98,95,262,312.2099,52,83,89,38
25Q164,P.S. 164 QUEENS VALLEY,355,324.5606,29,117,123,86,388,313.7397,53,149,124,62
25Q165,P.S. 165 EDITH K. BERGTRAUM,297,325.5421,54,66,73,104,292,310.3219,76,78,81,57
25Q169,P.S. 169 BAY TERRACE,164,325.3354,20,42,55,47,164,314.4695,29,64,52,19
25Q184,P.S. 184 FLUSHING MANOR,243,324.823,22,54,102,65,242,311.3884,41,82,100,19
25Q185,J.H.S. 185 EDWARD BLEEKER,1406,327.7639,182,354,424,446,1463,309.7177,314,508,347,294
25Q189,J.H.S. 189 DANIEL CARTER BEARD,660,307.5773,168,250,152,90,711,295.5035,222,290,138,61
25Q193,P.S. 193 ALFRED J. KENNEDY,199,321.4523,21,61,67,50,195,315.4821,27,63,73,32
25Q194,J.H.S. 194 WILLIAM CARR,1037,319.2449,173,322,285,257,1027,312.0672,161,399,276,191
25Q200,PS/MS 200 - THE POMONOK SCHOOL & STAR ACADEMY,290,300.0759,94,107,70,19,287,301.3031,69,131,71,16
25Q201,P.S. 201 THE DISCOVERY SCHOOL FOR INQUIRY AND RESEARCH,206,299.6602,77,62,43,24,206,297.2039,76,73,48,9
25Q209,P.S. 209 CLEARVIEW GARDENS,306,333.9641,31,62,81,132,305,319.5934,51,82,102,70
25Q214,P.S. 214 CADWALLADER COLDEN,207,318.9807,35,56,57,59,195,308.5487,42,74,58,21
25Q219,P.S. 219 PAUL KLAPPER,321,318.352,47,111,89,74,345,304.4696,77,146,99,23
25Q237,I.S. 237,1028,321.1255,164,300,296,268,1128,298.9796,328,439,231,130
25Q242,P.S. 242 LEONARD P. STAVISKY EARLY CHILDHOOD SCHOOL,69,334.7971,4,13,21,31,68,314.5735,14,19,28,7
25Q244,THE ACTIVE LEARNING ELEMENTARY SCHOOL,68,339.3088,1,10,21,36,68,330.1176,6,7,46,9
25Q250,I.S. 250 THE ROBERT F. KENNEDY COMMUNITY MIDDLE SCHOOL,316,297.6456,111,130,52,23,299,291.9164,98,143,48,10
25Q252,"QUEENS SCHOOL OF INQUIRY, THE",233,308.3219,49,100,61,23,260,309.3808,45,105,79,31
25Q281,EAST-WEST SCHOOL OF INTERNATIONAL STUDIES,176,334.7102,17,28,51,80,264,310.4205,49,99,69,47
25Q285,WORLD JOURNALISM PREPARATORY: A COLLEGE BOARD SCHOOL,222,315.4414,25,105,65,27,225,314.7111,16,107,77,25
25Q294,BELL ACADEMY,295,314.5627,65,104,61,65,356,313.4916,57,123,114,62
25Q499,"THE QUEENS COLLEGE SCHOOL FOR MATH, SCIENCE AND TECHNOLOGY",321,334.3769,22,65,95,139,321,324.0031,22,100,122,77
26Q018,P.S. 018 WINCHESTER,232,325.2974,16,71,71,74,234,312.6368,37,85,92,20
26Q026,P.S. 026 RUFUS KING,272,328.6213,23,69,88,92,270,313.0741,42,102,93,33
26Q031,P.S. 031 BAYSIDE,242,334.8595,11,49,86,96,235,313.8085,33,88,93,21
26Q041,P.S. 041 CROCHERON,273,343.1795,9,32,83,149,270,326.9852,17,66,119,68
26Q046,P.S. 046 ALLEY POND,274,338.8942,15,50,73,136,270,317.5556,42,85,92,51
26Q067,J.H.S. 067 LOUIS PASTEUR,867,341.3633,35,161,275,396,857,323.3034,61,260,297,239
26Q074,J.H.S. 074 NATHANIEL HAWTHORNE,847,338.1617,41,169,265,372,971,324.2976,73,290,316,292
26Q094,P.S. 094 DAVID D. PORTER,212,331.9245,8,51,80,73,210,317.381,28,75,73,34
26Q098,P.S. 098 THE DOUGLASTON SCHOOL,119,331.8403,5,22,48,44,119,327.437,6,33,55,25
26Q115,P.S. 115 THE JAMES J. AMBROSE SCHOOL,282,339.5071,13,52,79,138,278,323.5899,31,80,107,60
26Q133,P.S. 133 QUEENS,193,334.1969,9,33,73,78,190,315.8368,23,71,73,23
26Q158,M.S. 158 MARIE CURIE,948,329.7257,85,245,302,316,1092,318.3123,122,375,337,258
26Q159,P.S. 159,288,333.2188,21,57,85,125,281,320.8399,33,71,128,49
26Q162,P.S. 162 JOHN GOLDEN,351,336.6097,18,64,109,160,347,319.3545,32,128,132,55
26Q172,IRWIN ALTMAN MIDDLE SCHOOL 172,794,319.9433,88,296,223,187,946,314.9112,103,368,307,168
26Q173,P.S. 173 FRESH MEADOWS,466,336.397,33,76,150,207,458,319.8035,57,128,187,86
26Q178,P.S./ IS 178 HOLLISWOOD,294,325.0612,28,77,108,81,356,310.6601,51,157,113,35
26Q186,P.S. 186 CASTLEWOOD,135,326.6519,10,34,51,40,135,320.7333,15,36,61,23
26Q188,P.S. 188 KINGSBURY,270,351.1148,7,23,64,176,267,331.3446,15,54,123,75
26Q191,P.S. 191 MAYFLOWER,184,328.1902,10,43,81,50,182,320.467,15,49,86,32
26Q203,P.S. 203 OAKLAND GARDENS,420,351.9095,10,30,122,258,416,334.0673,20,80,173,143
26Q205,P.S. 205 ALEXANDER GRAHAM BELL,138,349.3696,5,10,39,84,138,330.1232,5,39,57,37
26Q213,P.S. 213 THE CARL ULLMAN SCHOOL,172,331.5116,10,44,49,69,170,324.0471,19,44,69,38
26Q216,J.H.S. 216 GEORGE J. RYAN,1180,331.3602,89,326,344,421,1299,318.2979,122,468,420,289
26Q221,P.S. 221 THE NORTH HILLS SCHOOL,309,343.5178,12,44,83,170,306,326.0458,30,84,117,75
26Q266,P.S. / I.S. 266,439,330.4374,27,113,150,149,438,316.7511,52,156,155,75
27Q042,P.S./M.S 042 R. VERNAM,353,267.2153,258,77,16,2,409,273.4548,266,117,20,6
27Q043,P.S. 043,593,286.0506,282,215,67,29,618,286.6408,280,248,72,18
27Q045,P.S. 045 CLARENCE WITHERSPOON,210,295.5143,75,80,42,13,209,292.6507,77,100,23,9
27Q047,P.S. 047 CHRIS GALAS,110,324.4182,7,30,43,30,126,315.246,12,58,39,17
27Q053,M.S. 053 BRIAN PICCOLO,365,270.2274,258,97,9,1,343,273.6064,209,113,18,3
27Q056,P.S. 056 HARRY EICHLER,303,310.2772,72,90,81,60,291,301.6254,90,103,76,22
27Q060,P.S. 060 WOODHAVEN,541,323.305,65,149,184,143,533,298.848,169,221,106,37
27Q062,P. S. 62 - CHESTER PARK SCHOOL,441,311.4694,80,157,133,71,435,303.7172,125,158,118,34
27Q063,P.S. 063 OLD SOUTH,635,311.0693,134,205,189,107,615,300.0455,184,242,149,40
27Q064,P.S. 064 JOSEPH P. ADDABBO,311,305.4244,78,116,73,44,299,301.3411,88,112,82,17
27Q065,P.S. 65 - THE RAYMOND YORK ELEMENTARY SCHOOL,266,308.0526,57,102,70,37,257,297.0078,88,104,54,11
27Q066,P.S. 066 JACQUELINE KENNEDY ONASSIS,242,313.6818,41,103,54,44,237,307.9747,48,104,61,24
27Q090,P.S. 090 HORACE MANN,396,309.8662,86,129,127,54,390,301.5821,125,145,96,24
27Q096,P.S. 096,144,311.0417,28,59,30,27,144,300,47,52,35,10
27Q097,P.S. 097 FOREST PARK,309,309.5858,74,93,88,54,303,301.9076,81,128,74,20
27Q100,P.S. 100 GLEN MORRIS,487,318.2669,64,174,139,110,485,303.0784,147,175,109,54
27Q104,P.S. 104 THE BAYS WATER,292,289.3322,132,81,55,24,286,284.9196,143,86,49,8
27Q105,P.S. 105 THE BAY SCHOOL,489,279.0245,298,156,31,4,510,278.8078,279,199,29,3
27Q106,P.S. 106,103,277.6019,63,27,11,2,103,283.8835,51,40,10,2
27Q108,P.S. 108 CAPTAIN VINCENT G. FOWLER,649,321.6133,82,194,191,182,642,313.4143,113,249,184,96
27Q114,P.S. / M.S. 114 BELLE HARBOR,410,318.5171,50,143,137,80,407,314.2654,56,145,148,58
27Q123,P.S. 123,315,297.6635,103,129,62,21,308,291.7208,136,113,51,8
27Q124,P.S. 124 OSMOND A CHURCH,866,307.7067,216,320,194,136,929,302.2756,261,378,201,89
27Q137,M.S. 137 AMERICA'S SCHOOL OF HEROES,1679,300.3282,541,657,298,183,1880,298.3383,480,879,401,120
27Q146,P.S. 146 HOWARD BEACH,433,307.3995,84,187,115,47,433,303.0092,99,189,117,28
27Q155,P.S. 155,250,304.6,59,108,57,26,248,303.5565,58,115,63,12
27Q183,P.S. 183 DR. RICHARD R. GREEN,304,277.4901,190,82,26,6,326,280.2362,178,121,22,5
27Q197,P.S. 197 THE OCEAN SCHOOL,221,279.6109,115,85,18,3,215,274.5349,132,66,15,2
27Q202,J.H.S. 202 ROBERT H. GODDARD,949,298.6607,297,397,200,55,1030,301.2485,251,470,213,96
27Q207,P.S. 207 ROCKWOOD PARK,498,320.8414,64,140,180,114,498,311.3273,73,218,151,56
27Q210,J.H.S. 210 ELIZABETH BLACKWELL,1794,299.4443,573,728,348,145,1837,297.3963,490,843,381,123
27Q215,P.S. 215 LUCRETIA MOTT,165,268.2,117,37,11,0,159,275.7799,94,52,12,1
27Q223,P.S. 223 LYNDON B. JOHNSON,267,290.3221,134,64,53,16,265,287.8264,128,82,40,15
27Q226,J.H.S. 226 VIRGIL I. GRISSOM,1165,284.4352,610,367,145,43,1142,284.7224,515,443,144,40
27Q232,P.S. 232 LINDENWOOD,642,314.2352,132,213,165,132,671,313.1908,121,248,197,105
27Q253,P.S. 253,228,290.2763,96,79,40,13,222,284.1802,113,71,36,2
27Q254,P.S. 254 - THE ROSA PARKS SCHOOL,312,328.9103,10,76,137,89,309,312.6602,40,140,97,32
27Q262,CHANNEL VIEW SCHOOL FOR RESEARCH,181,303.7459,37,95,44,5,181,303.3315,32,99,42,8
27Q273,P.S. 273,43,311.3488,4,14,23,2,42,302.8571,13,14,14,1
27Q282,KNOWLEDGE AND POWER PREPARATORY ACADEMY VI,176,299.0625,47,95,30,4,257,301.0545,48,152,48,9
27Q297,HAWTREE CREEK MIDDLE SCHOOL,93,286.7097,44,35,11,3,91,286.3187,39,43,7,2
27Q306,NEW YORK CITY ACADEMY FOR DISCOVERY,254,309.4213,52,91,69,42,245,302.5061,69,94,66,16
27Q309,ACADEMY OF MEDICAL TECHNOLOGY: A COLLEGE BOARD SCHOOL,212,279.8868,117,85,10,0,212,284.0991,96,91,17,8
27Q317,WATERSIDE CHILDREN'S STUDIO SCHOOL,175,292.3429,72,58,31,14,174,290.9713,77,57,31,9
27Q318,WATERSIDE SCHOOL FOR LEADERSHIP,173,275.6474,108,49,16,0,172,285.1977,73,72,24,3
27Q319,VILLAGE ACADEMY,315,283.0603,166,115,32,2,315,275.4222,181,115,15,4
27Q323,SCHOLARS' ACADEMY,522,348.0709,1,37,193,291,784,338.1122,1,102,365,316
27Q333,GOLDIE MAPLE ACADEMY,285,300.7404,90,120,47,28,286,302.2448,71,129,72,14
27Q362,WAVE PREPARATORY ELEMENTARY SCHOOL,65,294.8308,22,28,12,3,65,294.2769,27,28,10,0
28Q008,J.H.S. 008 RICHARD S. GROSSLEY,553,277.9439,344,156,43,10,540,279.0444,296,181,50,13
28Q040,P.S. 040 SAMUEL HUNTINGTON,252,288.373,125,67,36,24,249,280.6345,144,85,17,3
28Q048,P.S. 048 WILLIAM WORDSWORTH,191,289.6387,92,55,22,22,185,293.7676,71,67,39,8
28Q050,P.S. 050 TALFOURD LAWN ELEMENTARY SCHOOL,363,311.8402,61,142,99,61,354,297.7119,118,143,79,14
28Q054,P.S. 054 HILLSIDE,247,307.0567,58,82,72,35,242,294.8388,80,102,49,11
28Q055,P.S. 055 MAURE,228,301.7412,79,74,54,21,225,294.9022,74,97,47,7
28Q072,CATHERINE & COUNT BASIE MIDDLE SCHOOL 72,816,282.3701,442,281,75,18,840,281.2417,401,347,81,11
28Q080,PS 80 THE THURGOOD MARSHALL MAGNET SCHOOL OF MULTIMEDIA AND COMMUNICATION,249,287.6707,112,94,34,9,249,287.0763,117,97,29,6
28Q082,P.S. 082 HAMMOND,313,289.5272,135,124,29,25,303,294.2013,123,115,50,15
28Q086,P.S. Q086,319,312.5204,81,83,75,80,299,300.4716,88,115,70,26
28Q099,P.S. 099 KEW GARDENS,459,321.4553,58,138,133,130,448,306.1161,109,167,133,39
28Q101,P.S. 101 SCHOOL IN THE GARDENS,285,341.4105,10,48,88,139,283,327.4134,22,73,106,82
28Q117,P.S. 117 J. KELD / BRIARWOOD SCHOOL,480,312.5,106,134,140,100,470,299.1617,157,152,134,27
28Q121,P.S. 121 QUEENS,408,327.7157,30,106,136,136,405,307.2617,87,169,110,39
28Q139,P.S. 139 REGO PARK,410,323.0171,66,105,119,120,397,310.9521,82,154,106,55
28Q140,P.S. 140 EDWARD K ELLINGTON,281,289.0142,126,105,39,11,275,286.1455,131,103,38,3
28Q144,P.S. 144 COL JEROMUS REMSEN,326,333.3405,38,55,92,141,321,321.6885,53,67,119,82
28Q157,J.H.S. 157 STEPHEN A. HALSEY,1192,318.6946,236,371,270,315,1352,310.9926,255,476,343,278
28Q160,P.S. 160 WALTER FRANCIS BISHOP,276,294.6196,100,118,44,14,274,290.4161,125,101,43,5
28Q161,P.S. 161 ARTHUR ASHE SCHOOL,294,321.2109,33,99,89,73,291,312.5842,47,108,105,31
28Q167,METROPOLITAN EXPEDITIONARY LEARNING SCHOOL,308,305.2435,90,112,66,40,353,301.6346,85,152,80,36
28Q174,P.S. 174 WILLIAM SIDNEY MOUNT,300,329.58,26,85,80,109,296,317.9865,47,85,106,58
28Q175,P.S. 175 THE LYNN GROSS DISCOVERY SCHOOL,339,317.9469,53,90,113,83,337,307.7715,78,118,109,32
28Q182,P.S. 182 SAMANTHA SMITH,523,291.6922,203,192,98,30,508,286.4587,244,173,80,11
28Q190,J.H.S. 190 RUSSELL SAGE,995,320.6744,181,308,225,281,968,308.5744,198,358,237,175
28Q196,P.S. 196 GRAND CENTRAL PARKWAY,346,346.5058,13,41,97,195,338,326.9645,35,73,139,91
28Q206,P.S. 206 THE HORACE HARDING SCHOOL,283,301.7032,99,90,59,35,275,292.6727,118,90,48,19
28Q217,J.H.S. 217 ROBERT A. VAN WYCK,1255,295.5323,476,448,219,112,1564,296.062,467,669,325,103
28Q220,P.S. 220 EDWARD MANDEL,321,310.3302,76,103,63,79,321,299.7508,115,97,75,34
28Q284,YORK EARLY COLLEGE ACADEMY,209,320.7751,33,60,62,54,267,312.8352,25,118,86,38
28Q287,THE EMERSON SCHOOL,100,296.61,29,48,13,10,97,289.9794,34,50,7,6
28Q303,THE ACADEMY FOR EXCELLENCE THROUGH THE ARTS,32,342.375,0,4,10,18,32,355.6875,0,1,16,15
28Q310,QUEENS COLLEGIATE: A COLLEGE BOARD SCHOOL,237,301.0549,80,89,49,19,237,296.8945,64,128,33,12
28Q354,PS 354,149,291.0604,52,72,20,5,148,293.3041,58,62,23,5
28Q680,QUEENS GATEWAY TO HEALTH SCIENCES SECONDARY SCHOOL,285,334.0702,15,59,109,102,284,330.0352,9,58,126,91
28Q896,"YOUNG WOMEN'S LEADERSHIP SCHOOL, QUEENS",189,307.7196,45,81,44,19,216,318.5278,20,72,86,38
29Q015,P.S. 015 JACKIE ROBINSON,215,301.8465,64,71,54,26,215,294.2837,81,83,44,7
29Q033,P.S. 033 EDWARD M. FUNK,506,304.5889,129,191,125,61,502,297.8825,158,206,117,21
29Q034,P.S. 034 JOHN HARVARD,259,302.5444,67,100,66,26,247,297.4534,84,100,51,12
29Q035,P.S. 035 NATHANIEL WOODHULL,304,301.9901,90,105,67,42,296,298.1453,99,109,74,14
29Q036,P.S. 036 SAINT ALBANS SCHOOL,230,289.4522,101,85,38,6,229,295.3493,90,87,48,4
29Q037,CYNTHIA JENKINS SCHOOL,240,285.65,118,76,33,13,238,292.8866,94,92,36,16
29Q038,P.S. 038 ROSEDALE,111,302.5676,27,48,21,15,111,298.973,35,48,20,8
29Q052,P.S. 052 QUEENS,216,287.0463,101,68,39,8,215,290.2884,91,78,39,7
29Q059,I.S. 059 SPRINGFIELD GARDENS,529,284.1418,267,202,53,7,557,288.1131,228,243,61,25
29Q095,P.S. 095 EASTWOOD,765,302.4065,242,234,173,116,737,295.6757,287,241,165,44
29Q109,JEAN NUZZI INTERMEDIATE SCHOOL,1070,297.5112,381,436,171,82,1057,295.5544,315,476,208,58
29Q116,PS/IS 116 WILLIAM C. HUGHLEY,369,283.9729,192,126,45,6,369,286.0217,178,143,37,11
29Q118,P.S. 118 LORRAINE HANSBERRY,272,293.5919,101,104,52,15,261,293.046,100,109,43,9
29Q131,P.S. 131 ABIGAIL ADAMS,420,330.4048,40,96,129,155,410,314.1073,64,157,130,59
29Q132,P.S. 132 RALPH BUNCHE,138,308.7174,33,47,33,25,136,299.8676,38,54,41,3
29Q134,P.S. 134 HOLLIS,228,280.9518,119,83,24,2,227,284.37,101,91,32,3
29Q135,THE BELLAIRE SCHOOL,480,306.3833,145,140,113,82,479,304.1232,131,179,124,45
29Q136,P.S. 136 ROY WILKINS,258,297.9186,80,113,50,15,255,300.7765,71,114,60,10
29Q138,P.S./ M.S.138 SUNRISE,482,280.1556,277,151,45,9,535,285.5215,242,221,67,5
29Q147,PS/MS 147 RONALD MCNAIR,430,284.2,221,143,55,11,427,291.459,171,169,75,12
29Q156,P.S. 156 LAURELTON,321,280.4766,183,104,27,7,328,288.9634,138,133,48,9
29Q176,P.S. 176 CAMBRIA HEIGHTS,346,311.789,87,93,93,73,348,316.6034,55,111,121,61
29Q181,P.S. 181 BROOKFIELD,170,298.6588,50,65,43,12,168,293.7321,64,68,32,4
29Q192,I.S. 192 THE LINDEN,514,281.9611,277,187,48,2,509,281.9096,245,207,48,9
29Q195,P.S. 195 WILLIAM HABERLE,301,288.0764,146,97,44,14,297,295.2761,109,109,57,22
29Q208,P.S. / I.S. 208,507,314.568,86,182,151,88,508,308.7244,93,212,140,63
29Q238,I.S. 238 - SUSAN B. ANTHONY ACADEMY,1496,289.3971,698,518,187,93,1457,286.8538,620,585,198,54
29Q251,P.S. 251 QUEENS,69,307.5507,14,20,29,6,69,306.8696,13,31,24,1
29Q259,PATHWAYS COLLEGE PREPARATORY SCHOOL: A COLLEGE BOARD SCHOOL,200,295.54,68,86,41,5,201,298.1045,53,103,41,4
29Q268,PS/IS 268,373,301.5469,130,121,79,43,380,299.4237,106,171,81,22
29Q270,THE GORDON PARKS SCHOOL,413,300.1913,111,190,78,34,412,301.966,114,169,105,24
29Q283,PREPARATORY ACADEMY FOR WRITERS: A COLLEGE BOARD SCHOOL,176,309.0739,30,85,43,18,175,304.1886,35,81,44,15
29Q289,QUEENS UNITED MIDDLE SCHOOL,76,291.25,30,35,7,4,76,290.4079,20,43,10,3
29Q295,P.S./I.S. 295,336,312.9345,60,114,115,47,342,309.4942,73,120,102,47
29Q327,EAGLE ACADEMY FOR YOUNG MEN III,250,294.632,91,118,36,5,251,292.7849,83,131,32,5
29Q355,COLLABORATIVE ARTS MIDDLE SCHOOL,448,283.0357,239,168,33,8,445,279.9213,228,179,33,5
29Q356,COMMUNITY VOICES MIDDLE SCHOOL,458,278.3974,280,151,26,1,461,284.8482,200,210,41,10
30Q002,P.S. 002 ALFRED ZIMBERG,332,312.7139,68,101,95,68,324,305.1667,85,114,103,22
30Q010,I.S. 010 HORACE GREELEY,894,302.8087,267,345,207,75,882,294.4762,280,394,162,46
30Q011,P.S. 011 KATHRYN PHELAN,750,307.616,201,238,174,137,739,302.3545,209,280,175,75
30Q017,P.S. 017 HENRY DAVID THOREAU,226,292.1549,84,90,36,16,224,288.5759,100,72,44,8
30Q069,P.S. 069 JACKSON HEIGHTS,705,318.2752,105,226,219,155,692,315.6026,99,255,226,112
30Q070,P.S. 070,450,312.4756,90,141,130,89,444,306.9257,104,175,118,47
30Q076,P.S. 076 WILLIAM HALLET,212,289.8868,90,67,50,5,212,284.6415,98,81,27,6
30Q078,P.S./I.S. 78Q,150,320.8733,20,47,42,41,146,315.363,22,61,38,25
30Q084,P.S. 084 STEINWAY,178,305.8483,38,78,44,18,177,303.661,39,86,40,12
30Q085,P.S. 085 JUDGE CHARLES VALLONE,219,328.7215,45,37,45,92,216,318.0463,46,55,61,54
30Q092,P.S. 092 HARRY T. STEWART SR.,416,290.8269,169,155,68,24,414,286.6449,200,147,55,12
30Q111,P.S. 111 JACOB BLACKWELL,239,274.8954,145,72,15,7,236,270.8432,142,74,19,1
30Q112,P.S. 112 DUTCH KILLS,217,298.3641,79,69,46,23,205,288.3561,92,75,28,10
30Q122,P.S. 122 MAMIE FAY,723,335.1328,80,133,164,346,801,332.0974,92,144,208,357
30Q126,ALBERT SHANKER SCHOOL FOR VISUAL AND PERFORMING ARTS,486,286.8539,244,170,35,37,511,285.3033,232,201,63,15
30Q127,P.S. 127 AEROSPACE SCIENCE MAGNE,852,289.1667,389,297,118,48,832,285.2079,394,307,119,12
30Q141,I.S. 141 THE STEINWAY,1118,317.6485,155,401,353,209,1177,309.9652,168,516,336,157
30Q145,I.S. 145 JOSEPH PULITZER,2043,298.7347,718,831,358,136,1962,291.2283,674,955,263,70
30Q148,P.S. 148 QUEENS,451,302.8248,120,195,91,45,437,293.1785,178,183,65,11
30Q149,P.S. 149 CHRISTA MCAULIFFE,776,307.5606,184,267,222,103,757,292.679,315,276,134,32
30Q150,P.S. 150 QUEENS,593,326.2867,65,154,182,192,585,311.4872,109,218,177,81
30Q151,P.S. 151 MARY D. CARTER,209,286.4402,96,65,32,16,206,281.4757,106,71,21,8
30Q152,P.S. 152 GWENDOLINE N. ALLEYNE SCHOOL,640,317.4875,99,196,192,153,627,309.1675,132,234,188,73
30Q166,P.S. 166 HENRY GRADSTEIN,504,313.2282,93,146,153,112,497,307.0543,112,183,161,41
30Q171,P.S. 171 PETER G. VAN ALST,240,294.5417,88,86,44,22,241,289.5062,94,104,33,10
30Q204,I.S. 204 OLIVER W. HOLMES,676,297.5251,256,253,104,63,668,291.7485,223,313,111,21
30Q212,P.S. 212,385,310.0623,77,141,110,57,384,303.2578,106,146,106,26
30Q227,I.S. 227 LOUIS ARMSTRONG,1426,324.641,104,474,543,305,1516,312.407,163,689,481,183
30Q230,I.S. 230,980,319.0316,145,322,323,190,976,305.6957,179,444,244,109
30Q234,P.S. 234,293,308.884,73,95,75,50,284,302.5458,90,95,72,27
30Q235,ACADEMY FOR NEW AMERICANS,222,283.7883,114,82,17,9,72,245.4306,64,7,1,0
30Q280,P.S. 280,100,299.04,26,42,22,10,96,287.5625,51,24,21,0
30Q286,"YOUNG WOMEN'S LEADERSHIP SCHOOL, ASTORIA",250,315.736,36,96,86,32,249,307.5221,29,133,64,23
30Q291,HUNTERS POINT COMMUNITY MIDDLE SCHOOL,89,305.5955,21,34,20,14,90,305.9778,18,40,18,14
30Q580,BACCALAUREATE SCHOOL FOR GLOBAL EDUCATION,84,356.0357,0,2,19,63,192,347.8333,0,8,77,107
31R001,P.S. 001 TOTTENVILLE,247,312.6721,41,91,74,41,246,312.8496,44,83,87,32
31R002,I.S. R002 GEORGE L. EGBERT,789,294.18,319,298,111,61,875,302.0194,194,420,183,78
31R003,P.S. 003 THE MARGARET GIOIOSA SCHOOL,502,323.0398,52,125,184,141,501,315.1756,87,164,173,77
31R004,P.S. 004 MAURICE WOLLIN,374,313.0722,69,116,112,77,374,308.7727,75,148,110,41
31R005,P.S. 005 HUGUENOT,91,323.5714,11,21,35,24,91,321.5275,7,33,37,14
31R006,P.S. 6 CORPORAL ALLAN F. KIVLEHAN SCHOOL,406,305.7833,105,144,97,60,406,301.7906,111,161,103,31
31R007,I.S. 007 ELIAS BERNSTEIN,1130,323.9389,97,407,342,284,1198,318.0484,100,452,416,230
31R008,P.S. 8 SHIRLEE SOLOMON,199,314.8543,34,67,59,39,199,303.5126,53,75,59,12
31R011,P.S. 11 THOMAS DONGAN SCHOOL,132,301.2803,47,45,25,15,130,297.4923,42,57,22,9
31R013,P.S. 013 M. L. LINDEMEYER,396,307.7525,96,132,115,53,393,303.028,110,145,109,29
31R014,P.S. 014 CORNELIUS VANDERBILT,199,275.1357,127,51,14,7,202,276.4505,112,72,17,1
31R016,P.S. 016 JOHN J. DRISCOLL,380,282.2474,205,120,43,12,384,279.4063,219,126,36,3
31R018,P.S. 018 JOHN G. WHITTIER,276,293.4565,114,101,47,14,274,285.5109,140,96,34,4
31R019,P.S. 019 THE CURTIS SCHOOL,264,303.2462,67,107,69,21,261,300.7471,74,116,58,13
31R020,P.S. 020 PORT RICHMOND,246,290.435,106,86,47,7,243,283.0947,123,98,19,3
31R021,P.S. 21 MARGARET EMERY-ELM PARK,225,285.9022,107,74,36,8,224,286.5,102,90,29,3
31R022,P.S. 022 GRANITEVILLE,510,295.9098,183,174,120,33,500,292.012,211,185,93,11
31R023,P.S. 023 RICHMONDTOWN,245,330.8041,14,61,88,82,243,314.037,49,77,77,40
31R024,I.S. 024 MYRA S. BARNES,1375,313.4175,239,529,392,215,1371,306.8753,252,593,356,170
31R026,P.S. 026 THE CARTERET SCHOOL,87,306.8621,22,26,25,14,84,305.8095,23,27,21,13
31R027,I.S. 027 ANNING S. PRALL,1132,292.0504,490,381,171,90,1112,294.1763,377,463,188,84
31R029,P.S. 029 BARDWELL,400,315.9075,62,137,118,83,397,315.6625,71,131,120,75
31R030,P.S. 030 WESTERLEIGH,409,312.6088,80,124,127,78,408,304.0245,99,164,110,35
31R031,P.S. 031 WILLIAM T. DAVIS,203,280.3547,111,68,20,4,205,277.3951,120,65,17,3
31R032,P.S. 032 THE GIFFORD SCHOOL,413,311.6513,91,121,117,84,404,306.4109,87,158,118,41
31R034,I.S. 034 TOTTENVILLE,1040,316.0452,124,449,326,141,1138,313.7891,124,480,349,185
31R035,P.S. 35 THE CLOVE VALLEY SCHOOL,174,323.2241,19,52,58,45,174,320.8678,21,57,64,32
31R036,P.S. 036 J. C. DRUMGOOLE,454,318.9295,69,126,163,96,451,313.408,81,148,155,67
31R038,P.S. 038 GEORGE CROMWELL,166,316.9217,23,50,59,34,164,310.7805,29,60,63,12
31R039,P.S. 39 FRANCIS J. MURPHY JR.,254,314.2126,51,84,55,64,254,307.9843,58,90,80,26
31R041,THE STEPHANIE A. VIERNO SCHOOL,317,308.8391,71,99,93,54,314,303.6146,90,112,78,34
31R042,P.S. 042 ELTINGVILLE,434,318.0276,61,139,135,99,437,310.4165,75,181,143,38
31R044,P.S. 044 THOMAS C. BROWN,386,280.8886,218,110,41,17,383,279.4334,214,129,37,3
31R045,P.S. 045 JOHN TYLER,426,299.946,134,146,102,44,423,296.409,148,153,100,22
31R046,P.S. 046 ALBERT V. MANISCALCO,162,296.2346,60,60,32,10,158,290.2722,69,62,22,5
31R048,P.S. 048 WILLIAM G. WILCOX,409,324.9951,43,100,132,134,410,319.7902,52,134,136,88
31R049,I.S. 49 BERTA A. DREYFUS,750,280.0653,438,228,57,27,771,280.5175,393,281,65,32
31R050,P.S. 050 FRANK HANKINSON,396,337.8258,34,77,96,189,396,323.4419,55,113,126,102
31R051,I.S. 051 EDWIN MARKHAM,1054,284.8624,538,384,99,33,1106,289.9629,421,453,178,54
31R052,P.S. 052 JOHN C. THOMPSON,259,305.7529,63,89,73,34,260,302.1615,65,112,62,21
31R053,P.S. 053 THE BARBARA ESSELBORN SCHOOL,269,319.145,36,75,97,61,268,311.2052,52,96,90,30
31R054,P.S. 054 CHARLES W. LENG,381,324.7927,46,89,136,110,382,310.4791,81,140,109,52
31R055,P.S. 055 HENRY M. BOEHM,318,314.6761,48,107,104,59,320,306.4094,85,108,105,22
31R056,P.S. 56 THE LOUIS DESARIO SCHOOL,356,320.9129,35,106,138,77,353,312.4278,43,158,127,25
31R057,P.S. 057 HUBERT H. HUMPHREY,252,276.4286,145,78,21,8,251,282.4263,128,73,44,6
31R058,SPACE SHUTTLE COLUMBIA SCHOOL,377,307.4668,85,137,106,49,378,304.3968,104,132,115,27
31R060,P.S. 060 ALICE AUSTEN,422,308.9479,91,140,126,65,421,303.81,118,161,104,38
31R061,I.S. 061 WILLIAM A MORRIS,1155,285.1628,589,386,146,34,1145,289.6559,444,463,172,66
31R063,MARSH AVENUE SCHOOL FOR EXPEDITIONARY LEARNING,402,312.4701,57,179,118,48,438,310.1142,71,174,129,64
31R065,P.S. 65 THE ACADEMY OF INNOVATIVE LEARNING,190,305.9895,44,75,55,16,190,309.2684,36,73,59,22
31R069,P.S. 069 DANIEL D. TOMPKINS,450,309.5356,106,142,123,79,444,305.6622,125,152,109,58
31R072,I.S. 072 ROCCO LAURIE,1254,311.6475,268,415,367,204,1236,302.7872,267,549,299,121
31R074,P.S. 74 FUTURE LEADERS ELEMENTARY SCHOOL,74,275.1622,51,14,5,4,68,271.0294,42,19,6,1
31R075,I.S. 075 FRANK D. PAULO,1232,319.6169,151,473,350,258,1329,311.2378,197,547,382,203
31R078,PS 78,93,277.5161,53,30,10,0,93,270.9032,65,26,2,0
31R080,THE MICHAEL J. PETRIDES SCHOOL,568,315.118,84,212,168,104,570,306.4877,117,239,167,47
31R861,STATEN ISLAND SCHOOL OF CIVIC LEADERSHIP,489,318.5767,67,158,163,101,488,306.0717,97,214,138,39
32K045,P.S./I.S. 045 HORACE E. GREENE,467,297.6938,162,177,96,32,467,290.8715,190,192,70,15
32K075,P.S. 075 MAYDA CORTIELLA,244,287.4426,109,83,42,10,241,284.7676,119,88,29,5
32K086,P.S. 086 THE IRVINGTON,228,294.6798,90,84,33,21,223,291.4484,99,78,39,7
32K106,P.S. 106 EDWARD EVERETT HALE,256,286.8125,110,102,37,7,248,279.2944,135,90,20,3
32K116,P.S. 116 ELIZABETH L FARRELL,233,300.3476,79,79,48,27,227,287.3656,110,75,35,7
32K123,P.S. 123 SUYDAM,376,293.5878,143,154,59,20,369,284.3117,192,134,41,2
32K145,P.S. 145 ANDREW JACKSON,355,291.6085,142,128,64,21,346,285.9364,163,133,46,4
32K151,P.S. 151 LYNDON B. JOHNSON,169,281.4556,89,59,19,2,167,279.6826,102,50,15,0
32K162,J.H.S. 162 THE WILLOUGHBY,447,289.3781,193,181,60,13,445,282.8539,198,201,39,7
32K274,P.S. 274 KOSCIUSKO,245,296.2082,90,82,52,21,240,282.7958,121,82,33,4
32K291,J.H.S. 291 ROLAND HAYES,474,274.1203,315,131,24,4,462,275.6147,252,184,24,2
32K299,P.S. 299 THOMAS WARREN FIELD,142,298.1972,54,42,22,24,142,287.7676,68,42,25,7
32K347,I.S. 347 SCHOOL OF HUMANITIES,371,285.5499,182,134,45,10,365,278.3753,188,138,34,5
32K349,"I.S. 349 MATH, SCIENCE & TECH.",388,283.951,211,136,35,6,370,277.1838,217,128,24,1
32K376,P.S. 376,314,293.0255,133,95,60,26,308,289.9416,135,105,53,15
32K377,P.S. 377 ALEJANDRINA B. DE GAUTIER,313,284.9201,143,133,33,4,311,277.8264,171,117,22,1
32K383,J.H.S. 383 PHILIPPA SCHUYLER,741,307.5668,132,378,168,63,868,313.6555,72,395,300,101
32K384,P.S. /I.S. 384 FRANCES E. CARTER,378,289.0608,165,133,61,19,397,293.7431,142,162,75,18
32K554,ALL CITY LEADERSHIP SECONDARY SCHOOL,118,329.5169,2,31,53,32,183,322.153,13,59,73,38
32K562,EVERGREEN MIDDLE SCHOOL FOR URBAN EXPLORATION,231,269.3723,162,65,4,0,224,271.4688,145,71,8,0
